fname,lname,gender,age,exercise,hours,grade,address
David,Smith,female,16,1,7,88.0,"8945 Oak Street, Phoenix, AZ 85001"
Bob,Smith,male,16,1,13,82.9,"9205 Maple Drive, Phoenix, AZ 85001"
Isabella,Lee,female,15,1,16,76.1,"4562 Pine Avenue, Seattle, WA 98101"
Liam,Brown,male,18,0,10,92.2,"9901 Lake Road, Boston, MA 02108"
Sophia,Lewis,male,18,0,13,71.1,"5935 River Road, Seattle, WA 98101"
Charlie,Johnson,male,17,0,8,92.9,"6237 Lake Road, Portland, OR 97201"
Mia,Miller,female,17,1,15,70.1,"1179 River Road, Orlando, FL 32801"
Ethan,Garcia,male,18,3,9,97.6,"9135 Maple Drive, Chicago, IL 60601"
Bob,Garcia,male,17,3,9,62.5,"9302 Hill Street, Seattle, WA 98101"
William,Moore,female,16,2,7,69.4,"9207 Cedar Lane, Denver, CO 80202"
Lucas,Martin,female,17,1,7,79.4,"1499 Main Street, Austin, TX 78701"
Emma,Miller,female,15,3,11,82.6,"7678 Cedar Lane, Denver, CO 80202"
Ethan,Smith,male,17,5,10,64.2,"7133 Pine Avenue, Portland, OR 97201"
Alice,Wilson,male,15,5,9,92.0,"8327 River Road, Seattle, WA 98101"
Emma,Thomas,male,15,4,10,78.6,"1842 Hill Street, Denver, CO 80202"
Isabella,Johnson,male,15,0,16,78.5,"1143 Cedar Lane, Orlando, FL 32801"
Emma,White,male,17,4,14,76.1,"3480 Cedar Lane, Seattle, WA 98101"
Kevin,Moore,female,18,4,12,64.6,"3691 Oak Street, Chicago, IL 60601"
Alice,Walker,male,16,0,6,86.9,"974 Maple Drive, Austin, TX 78701"
Bob,Anderson,male,16,2,15,78.4,"8844 Pine Avenue, Portland, OR 97201"
Isabella,White,female,16,0,6,85.0,"5814 Park Avenue, Phoenix, AZ 85001"
Sophia,Johnson,male,15,3,16,72.9,"1800 Maple Drive, Seattle, WA 98101"
Henry,Lewis,female,16,3,7,70.6,"4102 Oak Street, Portland, OR 97201"
Ethan,Brown,male,15,0,8,66.3,"7966 Washington Street, Seattle, WA 98101"
Noah,Johnson,male,18,0,11,70.1,"7464 Lake Road, Phoenix, AZ 85001"
Ethan,White,male,16,2,8,96.8,"9499 Cedar Lane, Boston, MA 02108"
Liam,Johnson,male,18,4,13,66.0,"8330 Oak Street, Orlando, FL 32801"
Charlie,Hall,male,16,3,6,95.8,"9343 Maple Drive, Boston, MA 02108"
Amelia,Williams,female,17,2,8,85.4,"5157 Maple Drive, Denver, CO 80202"
Noah,Jones,female,18,2,6,60.4,"9234 Oak Street, Austin, TX 78701"
Ethan,Davis,female,16,2,6,93.4,"6064 Lake Road, Orlando, FL 32801"
Sophia,Lewis,female,15,5,13,71.4,"1707 Pine Avenue, Denver, CO 80202"
David,Brown,male,17,2,14,68.0,"5627 Maple Drive, Denver, CO 80202"
Ava,White,female,15,0,15,76.1,"4543 Main Street, Boston, MA 02108"
Liam,Jones,female,16,5,12,81.0,"7017 Cedar Lane, Boston, MA 02108"
David,Williams,male,15,2,14,81.0,"7051 Pine Avenue, Boston, MA 02108"
Kevin,Thomas,male,17,1,15,69.5,"1694 Hill Street, Phoenix, AZ 85001"
Amelia,Jones,male,16,1,11,60.9,"5452 Park Avenue, Seattle, WA 98101"
Jack,Miller,male,18,0,12,68.5,"7551 Hill Street, Denver, CO 80202"
Isabella,Garcia,male,16,3,10,70.6,"1147 Lake Road, Chicago, IL 60601"
Ava,Moore,female,15,0,9,66.8,"4359 Main Street, Austin, TX 78701"
Amelia,Martin,female,17,3,14,97.4,"1904 Park Avenue, Seattle, WA 98101"
Jack,Johnson,female,15,4,13,86.1,"3238 Hill Street, Phoenix, AZ 85001"
Charlie,Anderson,female,15,5,9,79.3,"6701 Hill Street, Phoenix, AZ 85001"
Kevin,Lewis,male,16,3,15,95.7,"2861 River Road, Denver, CO 80202"
Noah,Lewis,male,17,2,8,76.3,"9512 River Road, Chicago, IL 60601"
Sophia,Lee,female,16,4,12,90.2,"2790 Oak Street, Denver, CO 80202"
Ava,Hall,female,15,1,15,71.8,"3272 Pine Avenue, Boston, MA 02108"
Bob,Garcia,female,15,3,11,93.7,"9441 Maple Drive, Phoenix, AZ 85001"
William,Moore,male,16,5,16,60.2,"1756 Park Avenue, Seattle, WA 98101"
Grace,Clark,female,15,4,8,94.9,"1998 Washington Street, Orlando, FL 32801"
Sophia,Clark,female,18,4,16,93.9,"7001 Cedar Lane, Portland, OR 97201"
Grace,White,female,17,1,15,70.5,"8550 Washington Street, Seattle, WA 98101"
Jack,Lee,male,17,1,9,72.8,"8859 Oak Street, Orlando, FL 32801"
Emma,Garcia,female,16,5,8,62.4,"6688 Hill Street, Portland, OR 97201"
Olivia,Johnson,male,18,3,14,96.0,"330 River Road, Phoenix, AZ 85001"
William,Smith,female,17,3,11,80.5,"8957 River Road, Seattle, WA 98101"
William,Garcia,female,18,3,5,74.8,"6634 Pine Avenue, Portland, OR 97201"
Emma,Hall,male,18,4,14,85.2,"1385 Park Avenue, Orlando, FL 32801"
Sophia,Miller,male,17,3,10,68.0,"5365 Hill Street, Phoenix, AZ 85001"
Jack,Martin,female,15,3,5,88.5,"863 Hill Street, Seattle, WA 98101"
Charlie,Johnson,male,16,1,5,83.6,"3918 Pine Avenue, Portland, OR 97201"
David,Walker,male,18,5,9,89.1,"2759 River Road, Austin, TX 78701"
Grace,Taylor,male,15,2,14,85.7,"6159 Park Avenue, Seattle, WA 98101"
Charlie,Walker,male,15,5,9,92.3,"9847 Oak Street, Boston, MA 02108"
Mia,Lewis,female,17,0,13,84.6,"217 Park Avenue, Portland, OR 97201"
David,Martin,female,18,5,7,76.5,"8558 Lake Road, Portland, OR 97201"
Sophia,Martin,female,17,1,6,70.6,"7395 Maple Drive, Portland, OR 97201"
Lucas,Hall,female,17,0,12,92.3,"2989 Washington Street, Seattle, WA 98101"
Mia,Wilson,female,17,4,16,93.4,"9116 Main Street, Seattle, WA 98101"
Charlie,Garcia,female,18,4,8,86.2,"8051 Washington Street, Boston, MA 02108"
Charlie,Taylor,male,18,5,8,71.6,"9538 Hill Street, Portland, OR 97201"
Ethan,Clark,female,18,5,13,72.6,"7444 Lake Road, Denver, CO 80202"
Jack,Garcia,male,16,2,6,88.2,"3043 Maple Drive, Seattle, WA 98101"
William,Wilson,female,15,1,9,68.6,"2949 Lake Road, Boston, MA 02108"
Ethan,Jones,female,15,0,13,71.1,"2078 Washington Street, Austin, TX 78701"
Alice,Walker,female,18,3,12,72.9,"851 Lake Road, Portland, OR 97201"
David,Williams,female,18,0,14,83.9,"888 Pine Avenue, Orlando, FL 32801"
Lucas,Taylor,male,16,0,13,89.0,"9943 River Road, Seattle, WA 98101"
Ava,Moore,female,18,2,14,97.6,"5013 River Road, Boston, MA 02108"
Amelia,Brown,male,16,2,15,63.1,"3939 Pine Avenue, Austin, TX 78701"
Grace,Smith,female,18,5,14,77.9,"544 Maple Drive, Denver, CO 80202"
Kevin,Lee,male,16,2,15,82.4,"3251 Park Avenue, Austin, TX 78701"
Ethan,Garcia,male,17,1,6,62.3,"5049 River Road, Denver, CO 80202"
Sophia,Brown,female,17,5,11,95.8,"8209 Cedar Lane, Portland, OR 97201"
Sophia,Williams,male,18,5,10,82.9,"433 Oak Street, Seattle, WA 98101"
Lucas,Walker,male,17,4,5,89.0,"2880 Washington Street, Portland, OR 97201"
Jack,Miller,female,18,0,12,73.2,"5470 Hill Street, Austin, TX 78701"
Grace,Anderson,female,18,2,15,95.9,"9022 Main Street, Portland, OR 97201"
Charlie,Anderson,female,17,0,11,92.9,"28 Cedar Lane, Portland, OR 97201"
Olivia,Johnson,male,17,4,12,83.8,"855 Maple Drive, Denver, CO 80202"
Ethan,Jones,female,18,5,12,64.6,"9985 Maple Drive, Orlando, FL 32801"
Kevin,Lewis,male,18,0,8,97.7,"1868 Washington Street, Austin, TX 78701"
Emma,White,female,17,3,12,97.2,"4003 Washington Street, Orlando, FL 32801"
Noah,Davis,male,15,2,11,72.9,"8328 Lake Road, Boston, MA 02108"
Kevin,Taylor,female,16,3,13,78.4,"5456 Cedar Lane, Phoenix, AZ 85001"
Sophia,Anderson,male,16,4,11,68.9,"6740 Main Street, Chicago, IL 60601"
William,Moore,female,16,3,5,64.8,"9679 Hill Street, Austin, TX 78701"
Sophia,Brown,female,15,5,7,75.6,"2539 Oak Street, Portland, OR 97201"
Jack,Anderson,female,15,2,15,92.7,"6236 Hill Street, Portland, OR 97201"
Ethan,Johnson,male,16,5,15,95.0,"3737 Oak Street, Phoenix, AZ 85001"
David,Brown,female,16,5,9,94.3,"763 Hill Street, Boston, MA 02108"
Kevin,Thomas,female,18,1,8,80.2,"9282 Pine Avenue, Orlando, FL 32801"
Grace,Williams,female,16,3,14,65.4,"7565 Lake Road, Portland, OR 97201"
Jack,Smith,female,17,5,13,66.0,"7247 Hill Street, Denver, CO 80202"
Olivia,Wilson,female,17,1,11,92.4,"1757 Maple Drive, Phoenix, AZ 85001"
Lucas,Thomas,female,17,0,15,75.0,"142 River Road, Boston, MA 02108"
Amelia,White,female,16,4,10,68.3,"3125 River Road, Denver, CO 80202"
Emma,Brown,male,17,3,5,82.0,"2163 Oak Street, Denver, CO 80202"
Liam,Martin,male,16,1,13,93.3,"6004 Cedar Lane, Denver, CO 80202"
Grace,Wilson,female,17,5,10,90.6,"7683 Oak Street, Orlando, FL 32801"
Isabella,Moore,female,15,3,5,70.0,"2034 Washington Street, Chicago, IL 60601"
Jack,Walker,female,17,0,15,68.9,"420 River Road, Chicago, IL 60601"
Amelia,Garcia,male,18,5,9,84.7,"1921 Pine Avenue, Boston, MA 02108"
Bob,Taylor,female,15,0,8,93.7,"2232 Park Avenue, Portland, OR 97201"
Mia,Lewis,female,16,3,15,63.8,"8027 River Road, Phoenix, AZ 85001"
Jack,Johnson,female,16,3,12,96.1,"5952 Oak Street, Chicago, IL 60601"
Ethan,Thomas,male,18,2,8,96.8,"7460 Oak Street, Seattle, WA 98101"
Amelia,Smith,male,17,1,7,89.9,"3372 Oak Street, Seattle, WA 98101"
Lucas,Davis,male,17,1,14,60.1,"2380 Pine Avenue, Denver, CO 80202"
Grace,Brown,male,16,0,10,90.0,"3908 River Road, Chicago, IL 60601"
Alice,Miller,female,15,1,16,76.0,"1872 Oak Street, Portland, OR 97201"
Sophia,Thomas,male,18,4,8,95.9,"720 Cedar Lane, Denver, CO 80202"
Sophia,Smith,male,18,3,11,86.1,"8042 Washington Street, Austin, TX 78701"
Charlie,Anderson,male,15,1,9,83.7,"9600 Cedar Lane, Chicago, IL 60601"
Noah,Hall,female,18,4,14,76.3,"1884 Cedar Lane, Seattle, WA 98101"
Olivia,Lee,male,18,2,12,75.2,"1567 Hill Street, Phoenix, AZ 85001"
Liam,Wilson,female,16,5,12,62.6,"1408 Oak Street, Phoenix, AZ 85001"
David,Thomas,male,15,4,13,81.3,"2012 Park Avenue, Chicago, IL 60601"
Olivia,Johnson,female,17,2,6,82.0,"3495 Pine Avenue, Portland, OR 97201"
Isabella,Brown,female,17,0,9,81.8,"7040 Cedar Lane, Boston, MA 02108"
Amelia,Wilson,male,16,2,16,89.0,"5577 Hill Street, Boston, MA 02108"
Grace,Jones,female,15,1,16,84.1,"512 Oak Street, Seattle, WA 98101"
Noah,Martin,female,17,1,10,71.8,"5324 River Road, Austin, TX 78701"
Bob,Jones,male,15,5,6,70.3,"6957 Washington Street, Portland, OR 97201"
Olivia,Wilson,male,15,2,11,64.2,"9727 Washington Street, Denver, CO 80202"
Bob,Garcia,female,15,0,8,71.5,"3470 Pine Avenue, Denver, CO 80202"
Kevin,Anderson,male,15,3,16,76.4,"2126 Park Avenue, Seattle, WA 98101"
Ava,Lewis,female,15,3,16,61.6,"317 Washington Street, Austin, TX 78701"
Liam,Walker,female,18,5,15,75.9,"1897 Park Avenue, Boston, MA 02108"
Liam,Miller,female,17,0,11,92.1,"3996 Park Avenue, Phoenix, AZ 85001"
Ava,Williams,female,17,5,10,68.4,"2764 Oak Street, Austin, TX 78701"
Ava,Clark,male,17,2,16,96.4,"2429 Maple Drive, Austin, TX 78701"
Emma,Wilson,male,16,4,7,88.9,"1244 Pine Avenue, Portland, OR 97201"
Sophia,Walker,female,17,5,10,65.7,"1128 Washington Street, Portland, OR 97201"
Kevin,Wilson,male,17,4,6,71.8,"7414 Main Street, Boston, MA 02108"
Mia,Taylor,male,15,4,14,79.3,"7591 River Road, Boston, MA 02108"
Sophia,Walker,male,17,4,12,79.1,"1023 Washington Street, Austin, TX 78701"
Liam,Williams,male,15,1,16,76.6,"7209 Cedar Lane, Orlando, FL 32801"
Mia,Thomas,female,18,3,10,85.8,"867 Hill Street, Austin, TX 78701"
Liam,Brown,female,17,2,16,92.4,"9884 Pine Avenue, Chicago, IL 60601"
Charlie,Walker,male,17,2,15,86.5,"6431 Pine Avenue, Austin, TX 78701"
Kevin,Lewis,female,17,1,15,86.7,"8634 Oak Street, Phoenix, AZ 85001"
Ava,Thomas,male,17,2,7,96.1,"5608 Washington Street, Seattle, WA 98101"
Isabella,Jones,male,15,2,6,79.3,"8853 Cedar Lane, Boston, MA 02108"
Liam,Hall,male,18,1,7,66.9,"2722 Washington Street, Boston, MA 02108"
Olivia,Thomas,male,18,4,9,88.6,"7365 Maple Drive, Seattle, WA 98101"
Kevin,White,male,17,5,14,97.4,"7574 Lake Road, Phoenix, AZ 85001"
Ava,Clark,female,16,1,14,65.3,"4106 Main Street, Portland, OR 97201"
Mia,Lewis,male,15,2,6,89.0,"4479 Washington Street, Orlando, FL 32801"
Olivia,Williams,male,18,2,5,75.8,"6505 Cedar Lane, Chicago, IL 60601"
Isabella,Moore,male,17,1,5,72.1,"1633 Hill Street, Orlando, FL 32801"
Emma,Johnson,female,18,5,7,88.8,"7695 Washington Street, Boston, MA 02108"
Charlie,Smith,female,16,1,13,95.7,"9985 Cedar Lane, Phoenix, AZ 85001"
David,Taylor,male,17,0,5,69.1,"7499 Oak Street, Austin, TX 78701"
William,Hall,male,16,5,7,71.1,"35 River Road, Chicago, IL 60601"
Isabella,Walker,female,16,5,15,63.3,"5918 Oak Street, Boston, MA 02108"
Noah,White,male,18,2,9,88.4,"5860 Oak Street, Chicago, IL 60601"
Isabella,Brown,female,16,0,10,80.7,"2878 Washington Street, Portland, OR 97201"
Grace,Jones,male,18,0,9,67.7,"3278 Main Street, Chicago, IL 60601"
Kevin,Clark,female,18,2,5,88.6,"3141 Lake Road, Chicago, IL 60601"
Bob,Anderson,female,15,2,11,93.8,"7214 Park Avenue, Chicago, IL 60601"
Grace,White,female,17,4,9,90.4,"6965 Oak Street, Phoenix, AZ 85001"
Amelia,Miller,female,17,0,6,72.5,"4853 Lake Road, Portland, OR 97201"
Amelia,Martin,male,18,2,12,61.6,"5786 River Road, Phoenix, AZ 85001"
Jack,Johnson,male,18,2,13,90.4,"2631 Main Street, Orlando, FL 32801"
Amelia,Lee,male,16,0,8,89.6,"6011 Hill Street, Phoenix, AZ 85001"
Lucas,Johnson,male,18,2,10,76.9,"1269 River Road, Orlando, FL 32801"
Ava,Thomas,female,17,5,9,69.5,"1868 Main Street, Orlando, FL 32801"
William,Clark,female,15,2,9,86.8,"3525 River Road, Denver, CO 80202"
William,Davis,male,16,0,12,66.6,"7302 Oak Street, Chicago, IL 60601"
Mia,Williams,female,17,1,16,87.0,"2862 Hill Street, Seattle, WA 98101"
David,Davis,male,16,3,5,73.7,"9386 Hill Street, Portland, OR 97201"
Ethan,Jones,male,15,2,11,98.0,"7852 Cedar Lane, Phoenix, AZ 85001"
Olivia,Walker,male,16,2,15,62.8,"7642 Cedar Lane, Chicago, IL 60601"
Emma,Lewis,male,16,3,13,94.6,"917 Oak Street, Orlando, FL 32801"
Kevin,Miller,male,17,5,8,73.1,"8511 Lake Road, Austin, TX 78701"
Jack,Davis,female,16,5,9,83.3,"1540 Cedar Lane, Orlando, FL 32801"
Lucas,Walker,male,16,5,14,87.4,"9924 Hill Street, Boston, MA 02108"
Alice,Williams,male,17,5,8,89.1,"6835 River Road, Boston, MA 02108"
William,Lewis,female,17,3,8,90.6,"6663 Lake Road, Portland, OR 97201"
Charlie,Johnson,male,18,3,12,77.6,"5583 River Road, Orlando, FL 32801"
Liam,Anderson,female,18,1,10,79.6,"1749 Hill Street, Seattle, WA 98101"
Sophia,Brown,female,18,1,7,63.7,"4764 Park Avenue, Phoenix, AZ 85001"
Isabella,Miller,female,17,1,7,78.9,"8443 Washington Street, Portland, OR 97201"
Kevin,White,male,15,3,13,77.4,"3954 Maple Drive, Chicago, IL 60601"
Bob,Johnson,female,18,4,15,85.6,"4691 Cedar Lane, Boston, MA 02108"
David,Martin,male,17,5,10,89.0,"6005 Main Street, Phoenix, AZ 85001"
Bob,Walker,male,17,4,9,62.8,"8271 Washington Street, Denver, CO 80202"
Amelia,Hall,male,16,0,11,74.2,"5565 Cedar Lane, Chicago, IL 60601"
Emma,Davis,female,15,0,5,65.2,"5466 Washington Street, Portland, OR 97201"
Emma,Hall,male,17,4,10,66.2,"4912 River Road, Chicago, IL 60601"
Ava,Clark,female,17,3,5,74.0,"1805 Park Avenue, Denver, CO 80202"
Alice,Hall,female,17,5,14,82.0,"851 River Road, Portland, OR 97201"
Grace,Clark,female,16,5,8,61.2,"1810 Maple Drive, Boston, MA 02108"
Sophia,Anderson,female,16,3,16,67.7,"8231 River Road, Portland, OR 97201"
Bob,Jones,male,17,5,12,80.0,"5150 Pine Avenue, Portland, OR 97201"
Ethan,Anderson,female,17,4,12,67.3,"4048 Lake Road, Denver, CO 80202"
Isabella,Taylor,female,16,5,16,78.6,"7871 Hill Street, Denver, CO 80202"
Kevin,Brown,female,18,2,7,71.0,"4722 Oak Street, Chicago, IL 60601"
Sophia,Wilson,female,16,1,13,70.3,"9218 Lake Road, Orlando, FL 32801"
David,Hall,male,16,0,15,94.4,"3707 Maple Drive, Boston, MA 02108"
David,Martin,female,18,0,15,89.3,"94 Cedar Lane, Orlando, FL 32801"
Olivia,White,female,16,2,10,70.8,"979 Oak Street, Seattle, WA 98101"
Ethan,Johnson,male,18,1,5,97.9,"6514 Washington Street, Orlando, FL 32801"
Kevin,Johnson,male,17,4,14,64.1,"5499 Lake Road, Portland, OR 97201"
Ethan,Clark,female,16,4,12,70.4,"1855 Hill Street, Orlando, FL 32801"
Sophia,Wilson,male,15,5,10,90.0,"9312 Maple Drive, Orlando, FL 32801"
Amelia,Moore,female,17,0,11,85.4,"3037 Pine Avenue, Portland, OR 97201"
Liam,Garcia,male,17,3,8,77.0,"4384 Hill Street, Denver, CO 80202"
Lucas,Walker,male,17,5,10,86.3,"1027 Oak Street, Portland, OR 97201"
Kevin,Miller,female,17,5,6,84.3,"4843 Hill Street, Seattle, WA 98101"
Isabella,Jones,female,16,3,16,97.6,"6131 Park Avenue, Portland, OR 97201"
Ethan,Davis,male,15,4,12,80.1,"5937 Oak Street, Austin, TX 78701"
Bob,Lewis,male,16,1,10,92.5,"7249 Oak Street, Seattle, WA 98101"
Lucas,White,male,18,0,12,65.0,"6816 Washington Street, Boston, MA 02108"
Ethan,Lee,female,15,3,9,91.0,"3580 River Road, Austin, TX 78701"
Bob,Martin,female,15,4,5,95.5,"1140 Washington Street, Boston, MA 02108"
Kevin,Martin,male,16,5,16,84.5,"6897 Hill Street, Phoenix, AZ 85001"
Sophia,Moore,female,15,5,15,93.2,"2188 Hill Street, Austin, TX 78701"
Grace,Lewis,female,16,5,8,91.7,"382 Lake Road, Portland, OR 97201"
Ethan,Martin,female,16,1,12,73.2,"4526 Maple Drive, Austin, TX 78701"
Bob,Martin,male,16,1,6,63.8,"560 Washington Street, Boston, MA 02108"
Isabella,Johnson,female,18,1,13,68.3,"934 Pine Avenue, Denver, CO 80202"
Isabella,Walker,female,17,1,9,93.3,"8550 Maple Drive, Phoenix, AZ 85001"
Kevin,Wilson,male,16,5,15,76.2,"8130 Main Street, Chicago, IL 60601"
Noah,Clark,female,18,3,7,71.4,"3022 Cedar Lane, Portland, OR 97201"
Isabella,Garcia,female,16,3,5,81.4,"6834 Cedar Lane, Orlando, FL 32801"
Noah,Garcia,female,16,2,15,63.0,"7379 Hill Street, Austin, TX 78701"
Ethan,Davis,male,17,3,15,83.0,"657 Oak Street, Seattle, WA 98101"
Lucas,Lewis,male,18,1,10,71.5,"261 Maple Drive, Seattle, WA 98101"
David,White,male,16,3,8,81.0,"4647 Park Avenue, Portland, OR 97201"
Ethan,Thomas,female,17,2,13,93.5,"7645 Oak Street, Portland, OR 97201"
Liam,Davis,female,17,3,5,81.4,"3635 Pine Avenue, Boston, MA 02108"
Jack,Lewis,female,17,1,8,72.5,"6233 River Road, Seattle, WA 98101"
William,Lewis,female,17,3,16,84.4,"8047 Washington Street, Orlando, FL 32801"
Mia,Miller,male,18,1,13,97.6,"972 Cedar Lane, Boston, MA 02108"
Charlie,Johnson,male,18,1,15,68.8,"2484 Main Street, Seattle, WA 98101"
Ava,Lee,female,15,4,15,85.3,"7926 Washington Street, Boston, MA 02108"
Alice,Lewis,female,15,0,13,87.4,"8787 Lake Road, Boston, MA 02108"
Ava,Martin,male,15,0,13,65.7,"3154 River Road, Denver, CO 80202"
Mia,Wilson,female,15,2,11,77.4,"3994 Maple Drive, Denver, CO 80202"
Charlie,Johnson,male,18,3,11,81.0,"929 Main Street, Orlando, FL 32801"
Charlie,White,female,17,4,6,94.0,"707 Maple Drive, Seattle, WA 98101"
Lucas,White,female,15,0,15,95.2,"8907 River Road, Boston, MA 02108"
Grace,Anderson,male,16,4,7,88.6,"6535 Oak Street, Denver, CO 80202"
Grace,Walker,male,18,5,13,72.6,"2302 Oak Street, Chicago, IL 60601"
Bob,Brown,female,16,0,10,83.0,"9768 Park Avenue, Chicago, IL 60601"
Alice,Wilson,female,18,1,10,81.0,"6160 Park Avenue, Orlando, FL 32801"
Lucas,Moore,male,17,1,16,62.8,"4400 Pine Avenue, Phoenix, AZ 85001"
Emma,Moore,female,17,0,6,60.2,"5060 Washington Street, Chicago, IL 60601"
Jack,Brown,male,15,1,11,77.1,"9098 Cedar Lane, Phoenix, AZ 85001"
David,Smith,male,17,4,6,82.7,"5325 Park Avenue, Boston, MA 02108"
Kevin,Martin,female,15,5,13,94.4,"3987 River Road, Orlando, FL 32801"
Noah,Miller,male,17,2,9,78.7,"1046 Pine Avenue, Phoenix, AZ 85001"
Jack,Martin,female,18,0,10,69.6,"4050 Washington Street, Seattle, WA 98101"
Sophia,Brown,male,17,0,11,72.6,"6234 Hill Street, Portland, OR 97201"
Liam,Martin,male,17,2,14,96.0,"3300 Washington Street, Chicago, IL 60601"
Grace,Moore,female,17,5,16,84.1,"9445 Maple Drive, Chicago, IL 60601"
Noah,Wilson,female,17,0,14,67.6,"8949 Pine Avenue, Boston, MA 02108"
Sophia,Davis,female,17,5,6,91.1,"6713 Washington Street, Orlando, FL 32801"
Kevin,Garcia,female,16,5,11,90.0,"1221 Washington Street, Portland, OR 97201"
Lucas,Moore,female,15,2,16,94.0,"8806 River Road, Austin, TX 78701"
David,Garcia,female,16,5,14,61.7,"6557 Hill Street, Phoenix, AZ 85001"
David,Smith,male,17,1,13,88.4,"9152 River Road, Seattle, WA 98101"
Sophia,Thomas,female,18,5,14,86.2,"2479 Hill Street, Boston, MA 02108"
William,Brown,female,18,0,6,91.6,"2331 Hill Street, Denver, CO 80202"
Liam,Lee,male,18,2,12,63.7,"7422 Hill Street, Austin, TX 78701"
Kevin,Johnson,male,15,2,15,64.2,"2702 Maple Drive, Orlando, FL 32801"
Ethan,Miller,female,18,3,8,90.3,"3032 Pine Avenue, Phoenix, AZ 85001"
Noah,Smith,male,18,4,11,74.8,"3529 Maple Drive, Denver, CO 80202"
Charlie,Walker,male,16,2,10,67.5,"1877 Lake Road, Portland, OR 97201"
Ava,Anderson,female,18,4,6,73.2,"7511 River Road, Orlando, FL 32801"
Kevin,Hall,male,16,2,6,69.1,"1926 Pine Avenue, Chicago, IL 60601"
Emma,Clark,female,18,4,7,81.8,"6941 Pine Avenue, Portland, OR 97201"
Ethan,Miller,male,18,2,7,67.1,"7399 River Road, Boston, MA 02108"
Mia,Smith,female,16,1,11,96.6,"8291 Washington Street, Phoenix, AZ 85001"
William,Martin,female,18,1,6,81.5,"3623 Lake Road, Boston, MA 02108"
Jack,Garcia,female,16,3,14,88.2,"8125 Cedar Lane, Austin, TX 78701"
Lucas,Brown,female,17,4,5,88.9,"7241 Cedar Lane, Seattle, WA 98101"
Olivia,Brown,male,17,0,12,70.0,"1435 Washington Street, Austin, TX 78701"
Isabella,Davis,female,18,1,14,65.3,"3395 Maple Drive, Boston, MA 02108"
Lucas,Thomas,female,16,2,16,71.1,"9393 Lake Road, Austin, TX 78701"
Emma,Martin,male,17,5,7,86.7,"2184 Maple Drive, Orlando, FL 32801"
Liam,Garcia,female,18,1,14,84.0,"6796 Park Avenue, Portland, OR 97201"
Charlie,Williams,female,17,5,10,77.3,"8006 Hill Street, Boston, MA 02108"
Charlie,Lee,female,15,4,11,68.3,"7049 Maple Drive, Portland, OR 97201"
Jack,Anderson,female,17,4,14,65.0,"7961 Hill Street, Boston, MA 02108"
Bob,Brown,female,15,0,7,76.8,"21 Park Avenue, Seattle, WA 98101"
Emma,Taylor,male,17,0,15,73.7,"1360 Hill Street, Orlando, FL 32801"
Bob,Moore,female,16,3,15,63.5,"1569 Main Street, Seattle, WA 98101"
William,Williams,male,16,4,15,76.9,"142 Hill Street, Austin, TX 78701"
Olivia,Jones,female,15,1,11,63.4,"1688 Oak Street, Chicago, IL 60601"
Mia,Taylor,male,18,1,15,97.7,"2350 Oak Street, Boston, MA 02108"
Amelia,Miller,female,17,5,8,83.9,"2490 Park Avenue, Portland, OR 97201"
Henry,Williams,male,16,0,14,87.7,"5769 Park Avenue, Chicago, IL 60601"
Emma,Garcia,female,15,1,13,82.8,"9964 Lake Road, Boston, MA 02108"
Kevin,Davis,male,18,2,15,62.1,"3931 Washington Street, Phoenix, AZ 85001"
David,Garcia,female,15,4,5,97.5,"5195 Pine Avenue, Phoenix, AZ 85001"
Lucas,Martin,female,16,3,6,60.6,"1116 Main Street, Denver, CO 80202"
Henry,Johnson,male,18,4,9,83.9,"8219 Park Avenue, Phoenix, AZ 85001"
Noah,Williams,male,17,0,9,63.0,"3339 Pine Avenue, Chicago, IL 60601"
Noah,Walker,male,17,5,11,87.7,"3919 Main Street, Seattle, WA 98101"
Charlie,Martin,male,18,4,14,62.1,"2887 Oak Street, Boston, MA 02108"
Emma,Smith,male,18,2,13,79.7,"4257 Pine Avenue, Chicago, IL 60601"
Emma,Wilson,male,15,2,11,70.3,"1056 Lake Road, Austin, TX 78701"
William,Lee,female,15,3,14,66.3,"2587 Lake Road, Austin, TX 78701"
Lucas,Brown,male,15,0,5,69.3,"7739 Hill Street, Phoenix, AZ 85001"
Emma,Miller,male,18,1,10,69.4,"5251 Lake Road, Austin, TX 78701"
Lucas,Thomas,male,15,1,8,90.6,"762 Park Avenue, Austin, TX 78701"
Sophia,Taylor,female,17,0,13,77.4,"6054 Maple Drive, Denver, CO 80202"
Lucas,Taylor,male,18,2,14,96.9,"3211 Cedar Lane, Seattle, WA 98101"
Emma,Smith,female,15,1,13,73.2,"167 Hill Street, Boston, MA 02108"
Noah,Taylor,male,16,4,8,76.0,"991 Pine Avenue, Denver, CO 80202"
Charlie,Johnson,male,18,5,10,77.4,"1401 River Road, Austin, TX 78701"
Ava,Jones,female,15,4,14,62.4,"2151 Maple Drive, Denver, CO 80202"
Jack,Anderson,female,17,2,12,70.3,"1233 Maple Drive, Orlando, FL 32801"
Lucas,Brown,male,15,1,12,77.7,"6670 Oak Street, Chicago, IL 60601"
Henry,Lee,female,18,2,6,63.4,"4994 River Road, Boston, MA 02108"
Henry,Anderson,male,15,5,8,96.8,"6502 Cedar Lane, Boston, MA 02108"
Kevin,Wilson,male,15,3,12,81.1,"9023 Maple Drive, Austin, TX 78701"
Sophia,Brown,male,15,0,5,91.6,"3651 Pine Avenue, Seattle, WA 98101"
Noah,Thomas,male,17,0,5,97.9,"3249 Washington Street, Orlando, FL 32801"
Charlie,Anderson,male,15,3,5,66.4,"9412 Park Avenue, Phoenix, AZ 85001"
William,Smith,female,18,1,10,68.2,"3076 Lake Road, Denver, CO 80202"
Sophia,Jones,male,16,5,9,79.0,"9032 Washington Street, Boston, MA 02108"
Charlie,Wilson,female,16,3,8,84.4,"8624 Maple Drive, Boston, MA 02108"
Noah,Thomas,female,18,2,14,79.1,"6373 Lake Road, Orlando, FL 32801"
Alice,Anderson,male,15,2,5,90.7,"7738 Cedar Lane, Chicago, IL 60601"
Lucas,Garcia,male,15,1,15,69.2,"8753 Main Street, Seattle, WA 98101"
Lucas,Moore,female,16,1,8,82.5,"5888 River Road, Boston, MA 02108"
Mia,Walker,male,16,3,13,71.7,"8045 Main Street, Austin, TX 78701"
Bob,Garcia,male,15,4,12,60.0,"3310 Pine Avenue, Chicago, IL 60601"
Grace,Anderson,male,15,1,14,86.8,"2330 Oak Street, Chicago, IL 60601"
Charlie,Thomas,female,15,2,9,72.3,"2590 Park Avenue, Portland, OR 97201"
Liam,Miller,female,16,5,14,90.9,"6209 Lake Road, Denver, CO 80202"
Emma,Miller,male,18,4,5,66.9,"5223 River Road, Seattle, WA 98101"
Lucas,Brown,female,16,2,16,63.0,"5692 Hill Street, Orlando, FL 32801"
Charlie,Anderson,female,15,2,8,69.5,"1120 Hill Street, Denver, CO 80202"
David,Smith,male,18,3,16,75.9,"2735 Park Avenue, Portland, OR 97201"
Noah,Thomas,female,15,3,14,84.7,"3705 Pine Avenue, Portland, OR 97201"
Charlie,Johnson,female,15,2,9,96.2,"1225 Hill Street, Orlando, FL 32801"
Noah,Miller,male,15,2,14,97.4,"7919 Main Street, Phoenix, AZ 85001"
Grace,Hall,female,16,0,6,72.6,"3122 Park Avenue, Denver, CO 80202"
Kevin,Taylor,male,15,0,11,81.7,"8053 Pine Avenue, Boston, MA 02108"
Mia,Smith,female,15,2,15,83.8,"7879 Maple Drive, Austin, TX 78701"
Alice,Davis,male,17,0,12,92.1,"5062 Park Avenue, Portland, OR 97201"
William,Wilson,male,18,1,10,93.6,"6062 Pine Avenue, Portland, OR 97201"
Bob,Wilson,female,18,2,8,91.8,"9254 Main Street, Orlando, FL 32801"
David,Williams,female,18,4,8,81.0,"6352 Cedar Lane, Phoenix, AZ 85001"
Ethan,White,male,18,2,6,75.0,"578 Cedar Lane, Orlando, FL 32801"
David,Lee,male,16,1,8,64.8,"6946 Oak Street, Phoenix, AZ 85001"
Henry,Jones,female,17,5,6,63.3,"9125 Park Avenue, Chicago, IL 60601"
Jack,Clark,female,15,5,14,82.3,"6884 Oak Street, Phoenix, AZ 85001"
Emma,Jones,male,15,4,6,89.9,"8785 Hill Street, Phoenix, AZ 85001"
Jack,Moore,female,18,0,7,70.5,"2366 River Road, Phoenix, AZ 85001"
Bob,Moore,female,16,0,16,78.1,"4410 Hill Street, Boston, MA 02108"
Liam,Taylor,female,17,3,16,86.0,"3744 Pine Avenue, Denver, CO 80202"
Sophia,Anderson,female,18,4,15,63.4,"7247 Maple Drive, Phoenix, AZ 85001"
William,Clark,female,15,4,7,62.5,"8313 Park Avenue, Orlando, FL 32801"
Ava,Walker,male,16,1,8,91.8,"4097 Main Street, Portland, OR 97201"
Bob,Thomas,male,17,2,12,79.2,"2039 Main Street, Seattle, WA 98101"
Mia,White,female,16,3,14,81.0,"5650 Pine Avenue, Denver, CO 80202"
Charlie,Taylor,male,18,0,7,92.4,"3521 Maple Drive, Seattle, WA 98101"
Henry,Wilson,female,15,5,5,78.0,"2177 Pine Avenue, Boston, MA 02108"
Isabella,Wilson,female,17,3,11,92.4,"7530 Lake Road, Seattle, WA 98101"
Sophia,Taylor,female,15,0,13,98.0,"6141 Cedar Lane, Denver, CO 80202"
Kevin,Brown,female,15,2,9,84.3,"4546 Lake Road, Denver, CO 80202"
Henry,Jones,male,15,4,11,85.1,"2302 Main Street, Portland, OR 97201"
Kevin,Wilson,female,18,3,16,61.3,"9382 Maple Drive, Chicago, IL 60601"
Isabella,Lewis,female,17,4,9,92.1,"9156 Pine Avenue, Denver, CO 80202"
David,White,male,17,5,13,89.0,"3009 Hill Street, Austin, TX 78701"
Isabella,Thomas,male,17,3,10,74.1,"9603 Lake Road, Portland, OR 97201"
David,White,male,15,3,8,79.0,"6263 Cedar Lane, Denver, CO 80202"
Olivia,Johnson,male,16,1,10,75.5,"9339 Washington Street, Orlando, FL 32801"
Liam,Miller,male,18,2,15,97.5,"5144 Main Street, Boston, MA 02108"
Sophia,Wilson,male,16,4,7,78.6,"1452 Pine Avenue, Phoenix, AZ 85001"
Olivia,Moore,female,18,3,5,61.4,"3277 Hill Street, Boston, MA 02108"
Liam,Clark,male,15,5,5,83.8,"4086 Maple Drive, Chicago, IL 60601"
Kevin,Jones,male,18,4,14,71.6,"1079 Main Street, Denver, CO 80202"
Kevin,Lee,female,18,5,7,73.0,"8041 Hill Street, Seattle, WA 98101"
Grace,Moore,male,16,1,16,97.4,"3470 Main Street, Orlando, FL 32801"
David,Thomas,male,18,5,9,89.3,"806 River Road, Boston, MA 02108"
David,Smith,male,15,3,12,74.4,"8976 Lake Road, Portland, OR 97201"
Emma,Davis,male,17,3,15,63.8,"8534 Lake Road, Orlando, FL 32801"
Olivia,Brown,male,17,0,6,78.9,"9987 Maple Drive, Denver, CO 80202"
Ava,Davis,female,18,2,7,61.5,"8142 Maple Drive, Portland, OR 97201"
Liam,Garcia,male,15,5,6,94.5,"9416 Washington Street, Orlando, FL 32801"
Charlie,Clark,male,15,2,15,68.8,"4860 Lake Road, Portland, OR 97201"
Bob,Brown,male,15,2,10,90.5,"5133 Park Avenue, Austin, TX 78701"
David,Johnson,male,16,5,15,66.5,"5867 Washington Street, Denver, CO 80202"
Charlie,Thomas,female,16,0,11,75.2,"7489 Lake Road, Phoenix, AZ 85001"
William,Martin,male,15,1,16,87.6,"2621 Oak Street, Phoenix, AZ 85001"
Lucas,White,female,16,4,11,89.6,"482 Pine Avenue, Portland, OR 97201"
William,Brown,female,18,0,6,69.9,"5158 Main Street, Seattle, WA 98101"
Liam,Clark,male,18,5,16,69.4,"5674 Park Avenue, Orlando, FL 32801"
Ethan,Hall,male,15,5,7,79.2,"7698 Washington Street, Orlando, FL 32801"
Charlie,White,female,16,2,9,61.9,"3658 Cedar Lane, Phoenix, AZ 85001"
Noah,Garcia,male,18,3,14,77.0,"8176 Washington Street, Chicago, IL 60601"
David,White,male,15,3,11,61.4,"9006 Main Street, Austin, TX 78701"
Amelia,Hall,female,16,5,15,77.3,"5594 Hill Street, Boston, MA 02108"
Isabella,Lee,female,18,5,15,73.8,"7424 Oak Street, Austin, TX 78701"
Isabella,Smith,female,17,5,9,80.8,"6135 Oak Street, Boston, MA 02108"
Grace,White,male,18,0,9,83.2,"3082 Oak Street, Phoenix, AZ 85001"
Henry,Lee,male,17,0,11,61.8,"9657 Oak Street, Portland, OR 97201"
Sophia,Walker,male,18,0,13,88.0,"9074 Park Avenue, Portland, OR 97201"
Ava,Miller,male,16,0,11,85.0,"9941 Hill Street, Phoenix, AZ 85001"
Olivia,Hall,male,17,3,10,96.9,"7429 Pine Avenue, Orlando, FL 32801"
Olivia,Hall,female,17,5,16,95.5,"3570 Maple Drive, Seattle, WA 98101"
Amelia,Taylor,female,16,5,15,97.1,"2923 Cedar Lane, Chicago, IL 60601"
David,Thomas,female,18,5,16,94.0,"8757 Lake Road, Phoenix, AZ 85001"
Alice,Clark,male,15,3,7,62.0,"937 Maple Drive, Denver, CO 80202"
Grace,Taylor,female,16,0,16,89.8,"3352 Cedar Lane, Boston, MA 02108"
Mia,Lee,male,16,5,15,81.3,"3902 Cedar Lane, Denver, CO 80202"
Bob,Moore,female,18,5,10,96.7,"891 Main Street, Denver, CO 80202"
Henry,Hall,female,16,5,16,87.0,"6035 River Road, Seattle, WA 98101"
Henry,Taylor,female,16,5,6,67.1,"2857 Cedar Lane, Austin, TX 78701"
Noah,Johnson,female,17,4,9,64.9,"9578 Lake Road, Boston, MA 02108"
Liam,Lee,male,15,1,10,82.7,"4944 Washington Street, Chicago, IL 60601"
Charlie,Anderson,male,16,4,6,89.9,"2621 Park Avenue, Phoenix, AZ 85001"
Charlie,Thomas,male,16,5,10,72.6,"4819 Maple Drive, Portland, OR 97201"
Ethan,Smith,male,17,3,8,94.4,"4004 Main Street, Chicago, IL 60601"
Noah,Brown,female,17,4,16,70.7,"8478 Hill Street, Portland, OR 97201"
William,Johnson,female,16,2,13,63.1,"1582 Pine Avenue, Boston, MA 02108"
Charlie,Davis,male,18,0,8,80.4,"7140 Oak Street, Orlando, FL 32801"
Alice,Lee,female,15,0,6,62.1,"4137 Cedar Lane, Austin, TX 78701"
Lucas,Garcia,female,18,3,12,83.9,"7104 Hill Street, Boston, MA 02108"
Noah,Brown,male,15,5,14,61.7,"1199 Hill Street, Austin, TX 78701"
Kevin,Taylor,male,17,3,11,75.0,"514 Washington Street, Orlando, FL 32801"
Ethan,Garcia,male,18,4,9,96.5,"2370 Lake Road, Chicago, IL 60601"
Alice,Lewis,male,15,0,5,81.8,"6466 Cedar Lane, Austin, TX 78701"
Kevin,Davis,female,16,3,15,92.4,"2343 Pine Avenue, Orlando, FL 32801"
Isabella,Hall,female,16,0,7,85.5,"9304 Main Street, Portland, OR 97201"
Ethan,Williams,female,15,2,6,67.5,"9522 Washington Street, Chicago, IL 60601"
Mia,Jones,male,15,2,14,62.7,"3180 Hill Street, Portland, OR 97201"
Sophia,Anderson,female,16,4,14,73.9,"5192 Park Avenue, Orlando, FL 32801"
Alice,Anderson,male,16,5,16,84.4,"4543 Hill Street, Orlando, FL 32801"
Liam,White,female,18,2,9,78.5,"1793 Pine Avenue, Austin, TX 78701"
Jack,Jones,male,17,5,15,62.9,"1245 Main Street, Boston, MA 02108"
Lucas,Walker,female,16,0,13,69.9,"8852 Washington Street, Orlando, FL 32801"
Mia,Moore,male,17,1,12,79.0,"1493 Park Avenue, Chicago, IL 60601"
Ava,Smith,male,16,4,7,77.0,"2945 River Road, Orlando, FL 32801"
Felix,Spears,male,16,2,11,76.5,"27 Greystone Street, Easton, PA 18042"
William,Thomas,male,16,3,8,62.4,"6062 Maple Drive, Boston, MA 02108"
Henry,Clark,female,18,3,12,93.5,"663 Hill Street, Austin, TX 78701"
Ava,Wilson,female,16,3,15,74.4,"9638 Oak Street, Denver, CO 80202"
Noah,Garcia,female,17,2,12,90.1,"9909 Main Street, Orlando, FL 32801"
Sophia,Miller,male,15,4,15,70.7,"2471 Pine Avenue, Orlando, FL 32801"
Mia,Hall,male,16,3,10,87.4,"7899 Washington Street, Portland, OR 97201"
Henry,Walker,male,18,0,8,61.6,"9406 River Road, Orlando, FL 32801"
Emma,Clark,male,16,0,7,69.8,"2959 Cedar Lane, Phoenix, AZ 85001"
Amelia,Walker,male,17,0,8,77.1,"7733 Washington Street, Orlando, FL 32801"
Isabella,Martin,male,16,4,15,79.4,"2757 Hill Street, Portland, OR 97201"
Amelia,Walker,male,16,3,11,65.0,"281 Maple Drive, Phoenix, AZ 85001"
Emma,Hall,male,16,3,14,82.8,"8716 Cedar Lane, Austin, TX 78701"
Charlie,White,male,15,5,15,76.4,"6902 Hill Street, Boston, MA 02108"
Ava,Martin,male,18,3,10,82.4,"9449 Oak Street, Phoenix, AZ 85001"
Emma,Wilson,female,16,0,9,82.7,"8918 Park Avenue, Denver, CO 80202"
Henry,Smith,male,15,4,5,74.3,"3375 Hill Street, Phoenix, AZ 85001"
Mia,Brown,male,18,5,14,69.6,"8793 Park Avenue, Chicago, IL 60601"
Amelia,Wilson,female,16,3,13,89.8,"7914 Pine Avenue, Chicago, IL 60601"
Ethan,Lewis,female,17,2,14,73.1,"6532 Pine Avenue, Austin, TX 78701"
Isabella,Lee,male,15,1,13,75.2,"5554 Cedar Lane, Boston, MA 02108"
Grace,Moore,male,15,1,12,95.2,"7143 Oak Street, Austin, TX 78701"
Jack,Garcia,female,15,4,5,87.5,"6574 River Road, Denver, CO 80202"
Amelia,Johnson,male,18,3,5,67.7,"8499 Lake Road, Seattle, WA 98101"
Bob,Hall,male,16,5,5,73.7,"14 Pine Avenue, Austin, TX 78701"
Jack,Moore,female,18,3,14,67.6,"261 Oak Street, Austin, TX 78701"
Ethan,Taylor,female,17,2,8,83.0,"3197 Washington Street, Phoenix, AZ 85001"
Lucas,Smith,female,16,3,13,64.0,"1195 Cedar Lane, Denver, CO 80202"
Liam,Brown,female,17,5,12,96.7,"9236 Washington Street, Seattle, WA 98101"
Liam,Lee,female,15,3,6,69.8,"6279 Maple Drive, Seattle, WA 98101"
Liam,Martin,female,15,5,9,69.4,"1533 Park Avenue, Chicago, IL 60601"
Charlie,Lewis,male,18,2,10,68.3,"9409 Lake Road, Orlando, FL 32801"
Henry,White,male,16,5,8,93.2,"3397 Maple Drive, Seattle, WA 98101"
Isabella,Hall,female,16,0,6,95.0,"8081 River Road, Boston, MA 02108"
Ethan,Johnson,female,17,4,10,78.7,"9422 Lake Road, Portland, OR 97201"
Grace,Clark,female,18,1,14,64.9,"8623 Park Avenue, Portland, OR 97201"
Ethan,Johnson,female,18,5,7,77.4,"1982 Cedar Lane, Portland, OR 97201"
Liam,Smith,male,16,3,14,63.8,"5934 River Road, Denver, CO 80202"
Grace,Lewis,female,16,2,12,96.4,"5631 Hill Street, Orlando, FL 32801"
William,Martin,male,18,5,10,73.9,"6573 Lake Road, Portland, OR 97201"
Grace,Walker,male,16,0,16,70.3,"3873 Cedar Lane, Phoenix, AZ 85001"
Noah,Davis,male,16,3,5,66.7,"8195 Pine Avenue, Chicago, IL 60601"
William,Taylor,female,15,3,6,86.2,"993 Maple Drive, Denver, CO 80202"
William,Brown,female,17,2,10,73.7,"9143 Lake Road, Chicago, IL 60601"
Alice,Martin,male,17,5,14,67.6,"9445 Cedar Lane, Orlando, FL 32801"
Kevin,Thomas,female,18,5,12,93.8,"6253 River Road, Denver, CO 80202"
Sophia,Jones,male,17,3,15,83.3,"6641 Oak Street, Austin, TX 78701"
Grace,Anderson,male,17,2,15,71.1,"4392 River Road, Phoenix, AZ 85001"
Jack,Lee,female,18,3,7,67.0,"388 Pine Avenue, Seattle, WA 98101"
Jack,Williams,male,16,3,6,63.6,"7762 Cedar Lane, Boston, MA 02108"
Alice,Moore,male,15,2,14,65.9,"6397 Lake Road, Seattle, WA 98101"
Isabella,Taylor,female,16,1,13,91.9,"478 Main Street, Chicago, IL 60601"
Liam,White,female,17,4,12,65.1,"8845 Pine Avenue, Portland, OR 97201"
Lucas,Martin,female,17,3,13,68.6,"1477 Washington Street, Denver, CO 80202"
Mia,Martin,female,16,2,5,60.0,"2243 Hill Street, Denver, CO 80202"
William,Lewis,male,18,3,9,60.3,"7062 Lake Road, Seattle, WA 98101"
Alice,Lewis,female,16,3,13,76.6,"4104 Pine Avenue, Phoenix, AZ 85001"
Noah,Garcia,female,15,3,15,69.1,"4464 Lake Road, Denver, CO 80202"
Olivia,Davis,male,16,1,9,64.2,"7470 River Road, Portland, OR 97201"
Jack,Hall,female,16,2,5,65.8,"8774 Main Street, Orlando, FL 32801"
David,Taylor,female,16,5,12,87.6,"3824 Oak Street, Orlando, FL 32801"
Alice,White,male,17,3,9,89.9,"8175 Hill Street, Portland, OR 97201"
Bob,Anderson,male,16,0,9,89.5,"1179 Cedar Lane, Portland, OR 97201"
Grace,Davis,female,18,0,6,97.0,"4088 Park Avenue, Portland, OR 97201"
Isabella,Johnson,male,18,5,6,79.8,"3425 Washington Street, Phoenix, AZ 85001"
Kevin,Anderson,male,15,5,13,79.8,"4160 Washington Street, Denver, CO 80202"
Henry,Thomas,male,16,0,8,84.1,"5326 Main Street, Orlando, FL 32801"
Jack,Walker,male,18,1,5,96.8,"9530 Washington Street, Orlando, FL 32801"
Mia,Williams,male,16,3,6,86.1,"5554 Main Street, Boston, MA 02108"
Mia,Jones,male,16,3,8,72.0,"9158 Hill Street, Portland, OR 97201"
Henry,Smith,female,17,5,7,69.5,"656 Washington Street, Portland, OR 97201"
Ethan,Taylor,female,16,4,7,80.7,"5313 Washington Street, Denver, CO 80202"
Amelia,Lewis,male,15,4,7,77.1,"4324 Cedar Lane, Chicago, IL 60601"
Sophia,Smith,female,16,0,14,92.6,"3922 Hill Street, Austin, TX 78701"
Ethan,Moore,male,18,4,7,83.3,"5295 Park Avenue, Chicago, IL 60601"
David,Brown,male,15,1,7,93.2,"3320 Oak Street, Portland, OR 97201"
Henry,Brown,male,18,5,12,80.0,"9681 Lake Road, Boston, MA 02108"
Mia,Garcia,male,15,1,15,78.7,"1320 Washington Street, Boston, MA 02108"
Mia,Lewis,female,17,5,5,91.3,"4365 Cedar Lane, Boston, MA 02108"
Charlie,Taylor,male,16,4,6,63.8,"3794 Cedar Lane, Phoenix, AZ 85001"
Henry,Davis,male,16,4,16,81.2,"1738 River Road, Chicago, IL 60601"
Sophia,Martin,male,16,1,13,75.3,"5539 Pine Avenue, Portland, OR 97201"
Mia,Anderson,female,17,3,15,76.4,"5309 River Road, Seattle, WA 98101"
Lucas,Lewis,male,18,4,16,69.7,"7422 Washington Street, Phoenix, AZ 85001"
Alice,Johnson,female,15,4,7,97.7,"4955 Main Street, Denver, CO 80202"
Isabella,Davis,female,15,5,9,94.9,"8386 Cedar Lane, Orlando, FL 32801"
David,Johnson,female,17,1,7,70.1,"9548 Maple Drive, Seattle, WA 98101"
Jack,Taylor,male,18,4,8,87.9,"5329 Washington Street, Orlando, FL 32801"
William,Walker,male,17,0,16,90.7,"6261 Oak Street, Boston, MA 02108"
Liam,Thomas,female,18,0,8,88.4,"9878 Main Street, Phoenix, AZ 85001"
Bob,Taylor,male,17,4,14,65.7,"8241 Maple Drive, Orlando, FL 32801"
Bob,Moore,female,15,1,11,71.0,"6470 Pine Avenue, Orlando, FL 32801"
Liam,Williams,female,15,4,11,70.0,"6539 Cedar Lane, Phoenix, AZ 85001"
Emma,Jones,female,16,3,11,84.8,"3222 Cedar Lane, Seattle, WA 98101"
Isabella,Williams,female,18,2,15,95.1,"1477 Oak Street, Phoenix, AZ 85001"
Olivia,Thomas,female,16,2,10,82.6,"406 Lake Road, Orlando, FL 32801"
Mia,Hall,female,16,3,5,95.1,"3835 Maple Drive, Chicago, IL 60601"
Emma,Williams,male,15,1,14,95.2,"4723 Main Street, Chicago, IL 60601"
David,Taylor,female,18,0,10,67.9,"8824 Maple Drive, Seattle, WA 98101"
Ethan,Clark,female,18,4,16,97.7,"311 Park Avenue, Boston, MA 02108"
Jack,Miller,male,17,1,16,83.5,"879 Washington Street, Boston, MA 02108"
Charlie,Moore,female,17,0,5,71.1,"6342 Maple Drive, Phoenix, AZ 85001"
Ava,Brown,female,18,4,13,63.3,"3268 Cedar Lane, Portland, OR 97201"
Ethan,Smith,male,16,4,9,72.7,"6455 Pine Avenue, Boston, MA 02108"
Mia,Thomas,female,17,1,13,70.5,"1025 Lake Road, Phoenix, AZ 85001"
Alice,Lewis,female,16,1,10,94.1,"2258 Oak Street, Phoenix, AZ 85001"
Ava,Hall,male,18,1,14,65.8,"5128 River Road, Chicago, IL 60601"
Sophia,Lewis,male,16,5,7,82.1,"3324 Pine Avenue, Denver, CO 80202"
Ava,Jones,female,16,5,14,94.9,"5211 Oak Street, Austin, TX 78701"
Grace,Anderson,male,15,2,11,96.5,"4980 Washington Street, Denver, CO 80202"
Emma,Davis,male,16,1,5,89.0,"4382 River Road, Seattle, WA 98101"
Amelia,Garcia,male,15,2,6,86.1,"7818 Pine Avenue, Portland, OR 97201"
Mia,Miller,female,18,3,7,66.2,"3717 Main Street, Phoenix, AZ 85001"
Alice,Wilson,female,16,5,15,97.6,"3361 Oak Street, Orlando, FL 32801"
Sophia,Hall,female,17,3,8,76.2,"695 River Road, Phoenix, AZ 85001"
Liam,Moore,male,15,3,12,91.4,"704 Maple Drive, Phoenix, AZ 85001"
Bob,Lewis,female,15,1,9,76.7,"4999 Lake Road, Portland, OR 97201"
Grace,Martin,female,15,5,13,94.3,"7605 Washington Street, Austin, TX 78701"
Ava,Brown,male,16,3,11,72.3,"418 Pine Avenue, Portland, OR 97201"
Lucas,Davis,female,15,2,10,86.3,"2696 Oak Street, Austin, TX 78701"
David,Lee,female,15,4,16,74.6,"8393 River Road, Orlando, FL 32801"
Noah,Lewis,female,15,1,10,81.5,"2469 Pine Avenue, Orlando, FL 32801"
Grace,Johnson,female,17,2,16,89.2,"7321 Lake Road, Orlando, FL 32801"
David,Jones,male,15,4,9,60.5,"8163 Washington Street, Boston, MA 02108"
Amelia,White,male,16,4,15,78.1,"6729 Washington Street, Austin, TX 78701"
Amelia,Hall,male,16,4,9,83.6,"9144 Maple Drive, Boston, MA 02108"
Grace,Jones,male,17,0,7,92.4,"9481 River Road, Denver, CO 80202"
Liam,Williams,male,15,3,7,66.1,"4669 River Road, Orlando, FL 32801"
Sophia,Walker,female,15,0,9,72.3,"6218 Oak Street, Phoenix, AZ 85001"
Ethan,Williams,female,18,1,6,86.4,"4506 Hill Street, Phoenix, AZ 85001"
Ava,Davis,male,15,0,14,87.7,"8676 Oak Street, Portland, OR 97201"
Amelia,Taylor,female,17,2,13,81.9,"5807 Pine Avenue, Portland, OR 97201"
Ava,White,female,16,4,8,86.9,"3181 Main Street, Austin, TX 78701"
Alice,Lee,male,16,4,11,75.7,"5478 Hill Street, Seattle, WA 98101"
Alice,Davis,female,17,0,9,71.4,"9021 Hill Street, Boston, MA 02108"
David,Anderson,female,18,5,14,83.4,"487 Pine Avenue, Seattle, WA 98101"
Liam,Anderson,female,18,0,15,65.2,"2555 Washington Street, Chicago, IL 60601"
Sophia,Martin,male,17,4,16,85.8,"9106 Cedar Lane, Boston, MA 02108"
Henry,Walker,female,17,0,7,70.7,"520 Hill Street, Phoenix, AZ 85001"
Ethan,Miller,female,16,4,6,92.9,"5060 Hill Street, Boston, MA 02108"
Jack,Martin,male,18,1,10,77.2,"4968 Maple Drive, Denver, CO 80202"
Grace,Brown,female,15,1,6,76.9,"418 Washington Street, Orlando, FL 32801"
Henry,Anderson,female,17,2,7,89.2,"1619 Cedar Lane, Orlando, FL 32801"
Henry,Johnson,female,18,5,13,64.4,"5105 Main Street, Austin, TX 78701"
Liam,Lee,male,15,4,15,88.3,"378 River Road, Denver, CO 80202"
Henry,Anderson,male,16,2,9,80.2,"7237 Oak Street, Denver, CO 80202"
Emma,Miller,female,15,0,14,81.3,"1687 Maple Drive, Chicago, IL 60601"
Ethan,Anderson,female,16,5,9,81.8,"2816 Oak Street, Denver, CO 80202"
Amelia,Anderson,female,15,1,5,77.9,"836 Oak Street, Phoenix, AZ 85001"
Bob,Williams,female,18,1,16,82.7,"9721 Washington Street, Chicago, IL 60601"
Kevin,Anderson,male,15,3,14,65.0,"7682 Oak Street, Portland, OR 97201"
Kevin,Lee,female,16,1,7,92.7,"4237 Hill Street, Phoenix, AZ 85001"
Grace,Anderson,female,18,3,5,62.5,"1859 Hill Street, Portland, OR 97201"
Sophia,Miller,female,17,4,14,64.8,"1696 Park Avenue, Austin, TX 78701"
Liam,Lewis,male,17,4,12,75.2,"6783 Maple Drive, Seattle, WA 98101"
Ethan,Miller,female,18,0,10,67.9,"9692 Park Avenue, Phoenix, AZ 85001"
Lucas,Anderson,male,16,5,15,63.0,"9417 Washington Street, Austin, TX 78701"
Lucas,Hall,female,17,4,6,91.2,"2896 Lake Road, Phoenix, AZ 85001"
Charlie,Hall,male,18,2,12,84.5,"1017 Oak Street, Seattle, WA 98101"
Emma,Walker,male,16,5,7,77.2,"4785 Park Avenue, Portland, OR 97201"
Henry,Davis,female,17,4,15,71.6,"7132 Hill Street, Austin, TX 78701"
Lucas,Smith,female,16,2,5,74.0,"9002 Main Street, Boston, MA 02108"
Ethan,Thomas,male,17,0,8,76.4,"9679 Park Avenue, Chicago, IL 60601"
Noah,Moore,female,18,4,8,85.2,"7790 Pine Avenue, Seattle, WA 98101"
Ethan,Moore,female,18,1,9,97.9,"2066 Pine Avenue, Boston, MA 02108"
Charlie,Smith,male,18,5,11,97.0,"2234 Oak Street, Orlando, FL 32801"
Olivia,Lee,female,16,3,13,76.1,"7383 Park Avenue, Chicago, IL 60601"
Isabella,Miller,female,15,4,12,92.2,"3888 Cedar Lane, Denver, CO 80202"
Olivia,Lewis,female,15,0,14,78.4,"6048 Oak Street, Portland, OR 97201"
Charlie,Jones,female,18,4,6,79.9,"1459 Maple Drive, Portland, OR 97201"
Charlie,Lewis,female,15,2,13,89.6,"7691 Washington Street, Portland, OR 97201"
Lucas,Anderson,female,17,2,9,66.4,"9801 Lake Road, Denver, CO 80202"
Bob,White,male,15,5,9,90.7,"457 Lake Road, Portland, OR 97201"
Charlie,Jones,male,17,2,7,83.4,"4519 Lake Road, Boston, MA 02108"
David,Hall,male,16,5,12,74.1,"2883 Lake Road, Seattle, WA 98101"
William,Miller,male,17,0,7,82.6,"2535 Washington Street, Phoenix, AZ 85001"
Noah,Garcia,female,16,1,14,87.9,"5663 Main Street, Denver, CO 80202"
David,Johnson,male,18,3,12,71.5,"8734 Maple Drive, Phoenix, AZ 85001"
Noah,White,female,16,4,11,60.5,"7363 Park Avenue, Chicago, IL 60601"
Ava,Johnson,male,17,3,14,94.9,"4476 Hill Street, Denver, CO 80202"
Jack,Brown,female,18,3,15,88.5,"9655 Maple Drive, Chicago, IL 60601"
Grace,Anderson,male,15,0,5,75.6,"8615 Oak Street, Portland, OR 97201"
Mia,Garcia,female,17,1,5,60.9,"1516 Main Street, Seattle, WA 98101"
Amelia,Brown,male,15,4,7,74.3,"9284 Pine Avenue, Austin, TX 78701"
Grace,Wilson,female,18,5,6,84.3,"4538 Park Avenue, Chicago, IL 60601"
Jack,Miller,male,17,0,11,74.8,"994 Lake Road, Denver, CO 80202"
Grace,Lee,male,18,1,14,74.9,"8071 Oak Street, Orlando, FL 32801"
Ethan,Martin,male,15,3,16,69.8,"581 Oak Street, Austin, TX 78701"
Lucas,Wilson,female,15,3,7,84.8,"24 Main Street, Phoenix, AZ 85001"
Jack,Jones,female,18,4,5,79.6,"8049 Washington Street, Phoenix, AZ 85001"
Noah,Williams,male,15,3,16,91.1,"7908 Oak Street, Chicago, IL 60601"
Liam,Taylor,female,15,5,15,63.4,"8769 Hill Street, Austin, TX 78701"
Sophia,Taylor,male,16,4,5,96.8,"3139 Lake Road, Phoenix, AZ 85001"
David,Thomas,female,15,5,12,87.9,"2302 Main Street, Seattle, WA 98101"
Alice,Walker,male,18,3,6,90.1,"5051 Washington Street, Portland, OR 97201"
Alice,Johnson,female,15,2,16,61.6,"1946 Maple Drive, Portland, OR 97201"
Ethan,Jones,male,15,0,16,65.4,"322 Washington Street, Boston, MA 02108"
Isabella,Jones,male,16,5,5,94.4,"1604 Washington Street, Orlando, FL 32801"
Lucas,Williams,male,15,3,14,90.4,"3623 Oak Street, Seattle, WA 98101"
Olivia,Anderson,female,17,0,15,81.9,"2260 Hill Street, Seattle, WA 98101"
Bob,Walker,male,17,0,6,70.4,"6811 Pine Avenue, Chicago, IL 60601"
Ethan,Miller,female,16,4,5,65.1,"6172 Pine Avenue, Boston, MA 02108"
William,Williams,male,15,1,6,86.9,"9737 Lake Road, Phoenix, AZ 85001"
William,Jones,male,16,5,9,79.9,"6760 Maple Drive, Orlando, FL 32801"
Amelia,Johnson,male,18,4,6,83.8,"4944 Hill Street, Phoenix, AZ 85001"
Alice,Lewis,male,16,0,13,97.1,"5939 Cedar Lane, Seattle, WA 98101"
Sophia,Davis,female,15,1,6,90.3,"7782 Washington Street, Orlando, FL 32801"
Grace,Johnson,male,17,2,8,76.5,"5487 River Road, Portland, OR 97201"
Bob,Brown,male,16,1,5,78.4,"1911 Oak Street, Seattle, WA 98101"
Sophia,Walker,female,18,1,16,85.7,"5346 Maple Drive, Austin, TX 78701"
Liam,Garcia,male,16,5,11,93.1,"6162 Maple Drive, Austin, TX 78701"
William,Walker,female,15,3,7,68.2,"9994 Washington Street, Orlando, FL 32801"
Noah,Thomas,male,18,5,8,84.0,"4428 Maple Drive, Chicago, IL 60601"
Emma,Johnson,male,17,1,6,92.4,"7523 Park Avenue, Orlando, FL 32801"
Liam,Garcia,female,16,5,14,94.4,"9481 Cedar Lane, Seattle, WA 98101"
Charlie,Martin,female,16,4,12,91.8,"4583 Main Street, Phoenix, AZ 85001"
Isabella,Garcia,female,18,4,8,93.9,"9705 Pine Avenue, Boston, MA 02108"
Olivia,Johnson,male,18,5,13,61.3,"8711 Park Avenue, Portland, OR 97201"
David,Lee,female,16,0,13,88.6,"6672 Maple Drive, Orlando, FL 32801"
Mia,Taylor,male,15,0,12,85.4,"2660 Washington Street, Boston, MA 02108"
Sophia,Lee,male,18,1,10,83.8,"32 Oak Street, Phoenix, AZ 85001"
Liam,Clark,male,17,3,9,86.5,"8897 River Road, Seattle, WA 98101"
Charlie,Hall,female,15,4,15,73.8,"854 Oak Street, Phoenix, AZ 85001"
Mia,Lee,male,17,2,7,84.6,"1107 Cedar Lane, Seattle, WA 98101"
Emma,Anderson,male,15,5,12,88.0,"9514 Maple Drive, Seattle, WA 98101"
Liam,Thomas,female,18,2,5,62.4,"5666 Washington Street, Portland, OR 97201"
Ava,Clark,male,18,5,13,85.8,"8740 Lake Road, Portland, OR 97201"
Amelia,Thomas,male,16,3,6,63.0,"2939 Lake Road, Austin, TX 78701"
David,Miller,female,15,5,7,78.9,"3356 Cedar Lane, Boston, MA 02108"
Kevin,Martin,male,18,2,11,76.9,"361 Lake Road, Seattle, WA 98101"
Charlie,Smith,male,17,3,14,73.0,"5356 Washington Street, Portland, OR 97201"
Sophia,Taylor,male,17,1,9,68.6,"6103 Lake Road, Boston, MA 02108"
Emma,Thomas,female,18,1,14,95.1,"8780 Lake Road, Orlando, FL 32801"
Grace,Jones,male,16,0,5,97.8,"9423 Pine Avenue, Portland, OR 97201"
Jack,Thomas,male,16,4,16,61.3,"5202 Hill Street, Orlando, FL 32801"
Mia,Lee,male,17,0,5,75.4,"8192 Pine Avenue, Portland, OR 97201"
Liam,Jones,male,17,5,16,71.2,"4758 River Road, Orlando, FL 32801"
Lucas,Lee,female,15,5,12,94.2,"2294 Cedar Lane, Austin, TX 78701"
Kevin,Smith,female,16,3,10,63.5,"911 River Road, Seattle, WA 98101"
Lucas,Clark,male,17,1,5,63.2,"7308 Oak Street, Phoenix, AZ 85001"
Henry,White,female,15,5,10,75.1,"7016 Hill Street, Phoenix, AZ 85001"
Mia,Smith,female,17,2,9,97.1,"9201 Oak Street, Seattle, WA 98101"
Sophia,Martin,female,17,1,16,96.9,"6954 Park Avenue, Orlando, FL 32801"
Lucas,Hall,male,16,1,9,78.0,"8616 Hill Street, Austin, TX 78701"
Lucas,Moore,male,15,3,15,94.7,"6801 Pine Avenue, Portland, OR 97201"
Lucas,Jones,male,16,3,9,81.0,"701 Lake Road, Denver, CO 80202"
William,Lewis,female,16,0,5,65.9,"4927 Washington Street, Austin, TX 78701"
Kevin,Martin,male,18,5,15,69.3,"1965 Lake Road, Portland, OR 97201"
Charlie,Hall,female,18,4,11,93.0,"7809 Oak Street, Chicago, IL 60601"
Ava,Walker,male,17,1,14,62.2,"5247 Washington Street, Orlando, FL 32801"
Mia,Miller,male,17,2,11,84.2,"5842 Main Street, Denver, CO 80202"
Kevin,Clark,male,16,5,7,89.1,"9820 Pine Avenue, Chicago, IL 60601"
Liam,Taylor,female,17,0,13,82.0,"2364 Main Street, Orlando, FL 32801"
Ava,Taylor,female,18,3,10,95.0,"2681 Oak Street, Seattle, WA 98101"
Emma,Clark,male,16,4,14,86.2,"8622 Cedar Lane, Austin, TX 78701"
Olivia,Lee,male,15,1,5,78.2,"5114 Hill Street, Orlando, FL 32801"
Sophia,Hall,female,16,5,9,61.1,"1953 Maple Drive, Orlando, FL 32801"
Emma,Garcia,female,16,1,7,97.3,"6970 Oak Street, Austin, TX 78701"
Alice,White,female,15,1,6,61.2,"8422 River Road, Boston, MA 02108"
William,Brown,female,15,0,9,85.4,"1591 Oak Street, Seattle, WA 98101"
Lucas,Davis,male,17,0,6,65.5,"4554 River Road, Chicago, IL 60601"
Mia,Miller,male,15,0,14,89.0,"8674 Maple Drive, Seattle, WA 98101"
Kevin,Miller,male,15,1,13,92.3,"7787 Hill Street, Orlando, FL 32801"
Sophia,Brown,male,17,3,11,68.1,"3738 Park Avenue, Austin, TX 78701"
Liam,Brown,female,15,4,7,78.8,"5928 Lake Road, Boston, MA 02108"
Charlie,Anderson,female,15,3,9,77.4,"5121 Washington Street, Seattle, WA 98101"
Ethan,Martin,female,18,1,6,94.0,"7803 Hill Street, Orlando, FL 32801"
Alice,White,male,18,3,13,85.0,"1402 Oak Street, Orlando, FL 32801"
Noah,Moore,male,16,0,10,97.1,"5558 Maple Drive, Phoenix, AZ 85001"
David,Garcia,female,18,2,16,89.1,"9736 Lake Road, Phoenix, AZ 85001"
Mia,White,female,18,4,9,65.6,"7458 Oak Street, Austin, TX 78701"
Jack,White,female,16,5,7,61.1,"875 Oak Street, Portland, OR 97201"
Alice,Miller,female,17,1,9,83.6,"1588 Oak Street, Portland, OR 97201"
Sophia,Davis,female,18,3,13,69.9,"5639 Cedar Lane, Boston, MA 02108"
Bob,Martin,male,18,3,10,92.4,"7260 Washington Street, Boston, MA 02108"
Bob,Miller,female,16,3,11,65.1,"6384 Washington Street, Austin, TX 78701"
Lucas,White,female,18,4,7,79.3,"6422 Lake Road, Portland, OR 97201"
Lucas,Moore,female,17,2,5,61.1,"749 Pine Avenue, Chicago, IL 60601"
Mia,Walker,male,17,3,6,76.3,"5865 Park Avenue, Chicago, IL 60601"
Bob,Garcia,male,16,5,9,82.5,"1083 Lake Road, Austin, TX 78701"
Liam,Miller,male,17,0,12,85.0,"6931 River Road, Phoenix, AZ 85001"
Jack,Smith,female,15,2,11,81.7,"5292 River Road, Austin, TX 78701"
William,Brown,male,17,3,13,90.8,"5573 Pine Avenue, Denver, CO 80202"
Mia,Martin,male,18,5,6,91.9,"8789 Maple Drive, Denver, CO 80202"
Jack,Johnson,female,18,1,14,88.2,"1516 River Road, Austin, TX 78701"
Lucas,Anderson,female,15,4,13,78.1,"3446 Hill Street, Austin, TX 78701"
Kevin,Clark,female,18,5,13,71.9,"6798 Park Avenue, Denver, CO 80202"
Amelia,Clark,female,16,0,15,86.7,"3066 River Road, Portland, OR 97201"
Henry,Lee,female,18,4,16,83.8,"8566 Maple Drive, Chicago, IL 60601"
Sophia,Jones,male,16,5,15,89.1,"7143 Park Avenue, Chicago, IL 60601"
Charlie,Davis,female,17,2,15,66.1,"9860 Maple Drive, Phoenix, AZ 85001"
Isabella,Brown,male,16,0,8,90.3,"5097 Washington Street, Portland, OR 97201"
Ethan,Martin,female,15,1,7,70.4,"487 Lake Road, Denver, CO 80202"
Ethan,Miller,male,18,0,5,92.7,"1385 Hill Street, Denver, CO 80202"
Charlie,Martin,female,15,3,16,92.0,"3877 Oak Street, Austin, TX 78701"
Ava,Walker,female,18,0,8,82.8,"5144 Hill Street, Phoenix, AZ 85001"
Isabella,Martin,male,16,0,7,68.1,"4508 Washington Street, Phoenix, AZ 85001"
Jack,Walker,male,18,4,10,86.6,"1860 Hill Street, Phoenix, AZ 85001"
William,Garcia,female,16,2,12,87.2,"5059 Main Street, Boston, MA 02108"
Bob,Garcia,female,18,2,15,96.4,"5955 Oak Street, Seattle, WA 98101"
Sophia,Moore,male,18,2,9,63.4,"3867 Lake Road, Seattle, WA 98101"
Grace,Lee,female,18,0,9,92.9,"8065 Washington Street, Phoenix, AZ 85001"
Liam,Martin,male,16,5,9,79.2,"5774 Park Avenue, Chicago, IL 60601"
Sophia,Smith,male,16,5,12,90.1,"2239 Main Street, Phoenix, AZ 85001"
Henry,Taylor,female,15,0,7,69.5,"2141 River Road, Phoenix, AZ 85001"
Liam,Lee,female,16,2,7,86.1,"5377 Lake Road, Seattle, WA 98101"
Charlie,Martin,female,16,3,11,95.9,"9355 Maple Drive, Boston, MA 02108"
Alice,Lewis,male,15,3,8,69.9,"2774 Main Street, Phoenix, AZ 85001"
Amelia,Martin,female,16,0,10,66.5,"9303 Oak Street, Boston, MA 02108"
Ava,Martin,female,18,0,8,87.1,"3131 Lake Road, Denver, CO 80202"
William,Moore,male,18,1,14,68.2,"4646 Maple Drive, Phoenix, AZ 85001"
Grace,Martin,male,15,2,9,68.9,"7398 Maple Drive, Chicago, IL 60601"
Lucas,Lee,male,15,3,7,93.1,"6523 Maple Drive, Phoenix, AZ 85001"
Olivia,Hall,female,15,0,13,62.2,"5463 Maple Drive, Portland, OR 97201"
Mia,Hall,male,15,2,13,83.5,"4966 Park Avenue, Chicago, IL 60601"
Emma,Lewis,male,16,2,7,79.1,"5567 Washington Street, Orlando, FL 32801"
Charlie,Anderson,female,16,2,6,71.9,"2105 Washington Street, Denver, CO 80202"
Mia,Martin,female,17,4,9,79.6,"7149 Pine Avenue, Chicago, IL 60601"
William,Jones,female,15,1,7,62.1,"3010 Main Street, Portland, OR 97201"
Jack,Miller,female,18,0,12,61.6,"5851 Cedar Lane, Portland, OR 97201"
Sophia,White,male,16,0,10,63.6,"4664 Pine Avenue, Orlando, FL 32801"
Ava,Wilson,male,15,4,14,66.9,"1268 Maple Drive, Portland, OR 97201"
David,Anderson,male,17,5,15,64.6,"6130 River Road, Austin, TX 78701"
Liam,Jones,male,15,3,16,85.1,"7449 Lake Road, Boston, MA 02108"
Liam,Johnson,female,17,5,16,94.5,"9335 Pine Avenue, Seattle, WA 98101"
Bob,Taylor,female,15,5,6,80.8,"9877 Park Avenue, Austin, TX 78701"
Noah,Wilson,male,16,3,6,60.8,"3421 Pine Avenue, Phoenix, AZ 85001"
Noah,Taylor,male,15,2,12,90.4,"5090 River Road, Orlando, FL 32801"
Mia,Brown,female,16,3,12,93.6,"7815 Lake Road, Phoenix, AZ 85001"
Charlie,Martin,female,16,3,15,76.2,"672 Cedar Lane, Chicago, IL 60601"
Sophia,Garcia,male,18,4,15,84.6,"1385 Lake Road, Portland, OR 97201"
Olivia,Williams,female,17,1,7,86.0,"4931 Maple Drive, Phoenix, AZ 85001"
Kevin,Walker,male,15,0,13,64.1,"6971 Park Avenue, Austin, TX 78701"
Sophia,Walker,female,17,2,14,63.1,"8258 Main Street, Austin, TX 78701"
Sophia,Miller,male,18,0,6,75.8,"4886 Hill Street, Portland, OR 97201"
Sophia,Hall,female,17,1,8,67.0,"9906 Lake Road, Austin, TX 78701"
Olivia,Lewis,male,15,3,6,60.5,"7827 Washington Street, Phoenix, AZ 85001"
Amelia,White,female,17,5,15,96.6,"6481 Lake Road, Austin, TX 78701"
Emma,Jones,male,16,0,5,86.4,"3093 Main Street, Seattle, WA 98101"
William,Jones,male,18,5,13,67.3,"4940 Washington Street, Orlando, FL 32801"
William,Martin,male,15,1,7,88.1,"7305 Washington Street, Portland, OR 97201"
Alice,Lee,male,16,2,14,91.5,"6428 Main Street, Chicago, IL 60601"
Alice,Brown,female,18,3,16,82.0,"9091 Lake Road, Boston, MA 02108"
William,Moore,female,18,1,16,62.3,"321 Park Avenue, Chicago, IL 60601"
Ethan,Williams,female,18,3,6,78.8,"5691 Washington Street, Phoenix, AZ 85001"
Alice,Miller,female,16,3,10,76.6,"8327 Maple Drive, Chicago, IL 60601"
Amelia,Lee,male,17,5,16,74.8,"6839 Hill Street, Portland, OR 97201"
Grace,Hall,male,17,5,16,63.3,"7921 Pine Avenue, Orlando, FL 32801"
Henry,Miller,female,15,3,12,71.5,"3441 Cedar Lane, Boston, MA 02108"
Alice,Thomas,female,17,5,7,66.6,"8258 Main Street, Austin, TX 78701"
Liam,Martin,male,16,0,13,68.5,"4234 Hill Street, Chicago, IL 60601"
Bob,Lewis,female,16,5,13,83.0,"1716 Main Street, Portland, OR 97201"
Sophia,Brown,male,15,4,5,79.3,"2746 Oak Street, Seattle, WA 98101"
Felix,Potter,male,18,4,11,82.1,"8458 Ivy Court, Danvers, MA 01923"
Mia,Miller,female,18,4,12,87.8,"1636 Pine Avenue, Chicago, IL 60601"
Liam,Jones,male,16,3,11,89.2,"117 Maple Drive, Portland, OR 97201"
Liam,Taylor,male,15,2,10,87.2,"6809 Hill Street, Seattle, WA 98101"
Emma,Clark,female,16,1,11,75.7,"6716 Washington Street, Chicago, IL 60601"
Alice,Lee,male,15,5,13,95.9,"1399 Hill Street, Chicago, IL 60601"
Noah,Miller,female,15,3,5,85.1,"2483 River Road, Boston, MA 02108"
Ava,Taylor,female,18,5,16,81.0,"4996 Hill Street, Chicago, IL 60601"
Alice,Wilson,male,18,3,15,67.8,"8929 River Road, Portland, OR 97201"
Mia,Moore,male,17,0,5,80.4,"6399 Pine Avenue, Denver, CO 80202"
Henry,Williams,female,17,5,7,60.9,"8856 River Road, Denver, CO 80202"
Isabella,Taylor,female,15,5,5,92.0,"4265 Cedar Lane, Chicago, IL 60601"
David,Johnson,male,18,2,14,88.0,"7434 Hill Street, Seattle, WA 98101"
Lucas,Walker,male,17,2,9,85.3,"9394 Pine Avenue, Phoenix, AZ 85001"
Ava,Garcia,male,17,4,14,67.3,"5929 Washington Street, Austin, TX 78701"
Emma,Martin,female,15,0,5,76.1,"2140 Washington Street, Seattle, WA 98101"
Sophia,Williams,female,18,4,13,79.7,"6478 Lake Road, Portland, OR 97201"
Olivia,Lee,female,18,1,7,79.2,"7952 Washington Street, Orlando, FL 32801"
Ava,Clark,male,16,3,12,61.2,"2579 Cedar Lane, Chicago, IL 60601"
David,Hall,female,15,0,10,81.7,"669 Cedar Lane, Orlando, FL 32801"
David,Thomas,female,17,2,9,78.5,"2350 Pine Avenue, Phoenix, AZ 85001"
Bob,Taylor,female,16,1,16,78.6,"2014 Cedar Lane, Chicago, IL 60601"
Charlie,Johnson,female,18,4,9,81.5,"5544 Park Avenue, Portland, OR 97201"
Amelia,Jones,male,18,3,15,77.1,"5338 Oak Street, Phoenix, AZ 85001"
Noah,Garcia,female,17,4,5,96.4,"7269 Lake Road, Austin, TX 78701"
Grace,Smith,female,15,5,13,63.2,"8887 River Road, Boston, MA 02108"
Lucas,Clark,male,18,4,5,64.6,"8723 Pine Avenue, Boston, MA 02108"
Jack,Davis,male,18,0,13,83.1,"6593 River Road, Boston, MA 02108"
William,Smith,female,18,1,11,60.9,"8659 Hill Street, Phoenix, AZ 85001"
Jack,Williams,male,15,4,7,70.8,"3002 Lake Road, Austin, TX 78701"
Emma,Taylor,female,16,0,14,96.5,"2983 Main Street, Boston, MA 02108"
Kevin,Moore,male,17,1,11,93.9,"4235 Park Avenue, Austin, TX 78701"
Bob,Davis,male,16,3,13,88.6,"6318 Oak Street, Denver, CO 80202"
Bob,Anderson,female,18,0,12,61.1,"3839 Main Street, Denver, CO 80202"
Ethan,Walker,male,16,4,15,89.8,"5000 River Road, Phoenix, AZ 85001"
Sophia,Williams,male,16,2,13,97.4,"4026 Cedar Lane, Phoenix, AZ 85001"
Ethan,Lee,male,15,3,14,71.0,"2752 Main Street, Boston, MA 02108"
William,Wilson,female,18,2,15,68.1,"8371 Lake Road, Boston, MA 02108"
Grace,Lewis,male,17,0,11,86.5,"2298 Cedar Lane, Denver, CO 80202"
Olivia,Davis,female,17,5,9,97.2,"7427 Lake Road, Seattle, WA 98101"
Liam,Anderson,male,18,4,10,60.6,"2200 Main Street, Portland, OR 97201"
Alice,Smith,male,18,4,16,86.7,"6445 Cedar Lane, Austin, TX 78701"
Charlie,Lewis,male,18,5,6,73.4,"6176 River Road, Chicago, IL 60601"
Noah,Miller,male,15,3,10,95.6,"7293 Main Street, Seattle, WA 98101"
Alice,Wilson,female,16,0,14,83.8,"3633 Maple Drive, Portland, OR 97201"
Mia,Johnson,female,18,5,16,83.0,"126 Maple Drive, Phoenix, AZ 85001"
David,Wilson,female,16,4,8,85.1,"9278 River Road, Orlando, FL 32801"
Charlie,Walker,male,15,1,9,95.5,"3744 Cedar Lane, Denver, CO 80202"
Henry,Smith,female,18,0,11,84.4,"859 Hill Street, Phoenix, AZ 85001"
Olivia,Wilson,male,18,3,10,79.7,"722 Maple Drive, Boston, MA 02108"
Jack,Martin,female,17,0,11,67.4,"1350 River Road, Boston, MA 02108"
Isabella,Martin,male,16,1,7,72.5,"1039 Oak Street, Boston, MA 02108"
William,Martin,male,17,2,8,64.1,"3915 Hill Street, Boston, MA 02108"
Liam,Clark,male,15,4,14,76.7,"1577 Washington Street, Austin, TX 78701"
Charlie,Johnson,male,18,2,16,62.5,"2099 Main Street, Portland, OR 97201"
Bob,Taylor,female,15,0,15,62.1,"865 Lake Road, Phoenix, AZ 85001"
Noah,Brown,female,16,4,15,83.7,"7438 Park Avenue, Portland, OR 97201"
Olivia,Hall,male,17,5,15,89.8,"7449 Cedar Lane, Chicago, IL 60601"
Lucas,Davis,male,15,0,14,87.1,"9723 Maple Drive, Orlando, FL 32801"
Ava,Wilson,female,18,3,16,83.6,"3056 Maple Drive, Orlando, FL 32801"
Bob,Johnson,male,17,4,11,79.5,"5871 Lake Road, Orlando, FL 32801"
Emma,White,female,17,2,10,96.9,"8491 River Road, Orlando, FL 32801"
Bob,Garcia,male,18,2,8,97.1,"3307 Oak Street, Chicago, IL 60601"
Henry,White,female,17,4,14,96.6,"4919 Park Avenue, Chicago, IL 60601"
Grace,Brown,female,15,3,8,95.0,"3664 Maple Drive, Portland, OR 97201"
Amelia,Davis,male,18,5,10,90.7,"6168 Maple Drive, Phoenix, AZ 85001"
Grace,Smith,female,15,0,10,61.1,"1897 Pine Avenue, Denver, CO 80202"
Sophia,Davis,female,15,0,8,67.5,"2863 Maple Drive, Denver, CO 80202"
Grace,Anderson,male,16,1,5,66.7,"4299 Oak Street, Boston, MA 02108"
Emma,Moore,male,17,1,9,77.3,"6066 Hill Street, Orlando, FL 32801"
Ava,Hall,female,15,0,7,93.5,"2152 Maple Drive, Seattle, WA 98101"
Ethan,Moore,female,17,4,11,97.1,"4016 Main Street, Seattle, WA 98101"
Ethan,Taylor,male,17,1,5,83.9,"4598 Pine Avenue, Portland, OR 97201"
Henry,Williams,female,15,1,13,74.7,"8352 Hill Street, Portland, OR 97201"
Ava,Lee,male,17,5,10,80.0,"7928 Washington Street, Portland, OR 97201"
Jack,Walker,female,15,1,8,94.0,"7416 Maple Drive, Phoenix, AZ 85001"
Henry,Taylor,female,18,4,7,95.5,"6139 Lake Road, Austin, TX 78701"
Emma,Williams,female,18,4,10,68.7,"684 Washington Street, Chicago, IL 60601"
Olivia,Lee,female,18,3,10,90.6,"5204 Lake Road, Phoenix, AZ 85001"
Alice,Miller,female,16,2,15,62.9,"1360 Lake Road, Austin, TX 78701"
Jack,Garcia,male,15,0,10,61.5,"3291 Hill Street, Seattle, WA 98101"
Liam,Wilson,female,17,1,16,83.0,"2268 Cedar Lane, Denver, CO 80202"
Alice,Taylor,female,17,3,11,91.2,"204 Washington Street, Orlando, FL 32801"
Noah,Garcia,male,16,3,8,79.6,"9064 Washington Street, Portland, OR 97201"
Liam,Williams,female,16,3,16,75.9,"7197 Washington Street, Boston, MA 02108"
Mia,Jones,male,17,5,5,79.0,"5820 Hill Street, Seattle, WA 98101"
Olivia,Martin,female,17,2,14,60.9,"537 Pine Avenue, Orlando, FL 32801"
Liam,Walker,female,18,1,11,62.4,"6341 Maple Drive, Portland, OR 97201"
David,Anderson,female,17,0,7,64.0,"9068 Pine Avenue, Boston, MA 02108"
Amelia,White,male,16,1,6,94.6,"6332 Lake Road, Seattle, WA 98101"
Isabella,Taylor,male,18,0,10,79.7,"2825 Hill Street, Phoenix, AZ 85001"
Noah,Miller,male,16,4,11,78.2,"1136 Park Avenue, Seattle, WA 98101"
Emma,Davis,female,18,5,15,78.0,"9901 River Road, Denver, CO 80202"
Lucas,Davis,female,17,1,5,97.7,"7312 Oak Street, Phoenix, AZ 85001"
Amelia,Garcia,female,18,3,12,81.9,"1502 Lake Road, Portland, OR 97201"
Mia,Taylor,female,16,3,8,66.8,"7089 Washington Street, Phoenix, AZ 85001"
Grace,Walker,male,18,5,5,69.1,"2597 Lake Road, Denver, CO 80202"
Charlie,Davis,female,18,4,6,97.8,"1263 Oak Street, Chicago, IL 60601"
Olivia,Lee,male,17,1,13,61.7,"447 Oak Street, Portland, OR 97201"
Noah,Anderson,female,16,3,5,60.4,"1888 Pine Avenue, Chicago, IL 60601"
Sophia,White,female,15,0,13,85.0,"7181 Pine Avenue, Portland, OR 97201"
Jack,Miller,male,15,4,6,66.7,"2044 Cedar Lane, Phoenix, AZ 85001"
Grace,Williams,male,17,1,12,73.6,"3559 Main Street, Seattle, WA 98101"
Sophia,Johnson,male,18,5,9,76.9,"9810 Main Street, Boston, MA 02108"
Noah,Davis,male,17,1,8,63.5,"6918 Main Street, Boston, MA 02108"
Liam,Davis,male,16,0,15,66.4,"2746 Main Street, Phoenix, AZ 85001"
Ava,Brown,female,17,4,15,67.2,"3403 Cedar Lane, Phoenix, AZ 85001"
Olivia,Brown,male,16,0,10,72.3,"255 Park Avenue, Chicago, IL 60601"
Alice,Moore,male,18,1,6,85.0,"4572 River Road, Chicago, IL 60601"
Bob,Williams,male,18,2,14,79.0,"1678 Cedar Lane, Orlando, FL 32801"
Jack,Brown,female,18,5,16,65.1,"2882 Hill Street, Portland, OR 97201"
Charlie,Anderson,male,18,3,13,84.3,"3818 Cedar Lane, Boston, MA 02108"
Isabella,Smith,male,17,1,16,76.3,"4000 River Road, Austin, TX 78701"
Bob,Jones,female,18,2,8,65.8,"3358 Main Street, Seattle, WA 98101"
Amelia,Lee,female,16,2,10,84.5,"658 Cedar Lane, Phoenix, AZ 85001"
Kevin,Smith,male,17,2,8,67.8,"895 Maple Drive, Seattle, WA 98101"
Amelia,Moore,female,16,3,15,60.2,"8065 Oak Street, Seattle, WA 98101"
Bob,Jones,male,16,0,7,82.5,"3358 Maple Drive, Austin, TX 78701"
Olivia,Lee,female,16,5,8,69.3,"2900 River Road, Seattle, WA 98101"
Kevin,Taylor,female,16,2,12,63.0,"5901 Park Avenue, Phoenix, AZ 85001"
Grace,White,female,18,4,14,87.9,"2563 Washington Street, Boston, MA 02108"
Noah,Martin,male,17,4,13,65.8,"2888 Lake Road, Phoenix, AZ 85001"
Sophia,Taylor,female,17,3,13,83.0,"1188 Hill Street, Orlando, FL 32801"
William,Davis,male,16,0,5,92.7,"6141 Washington Street, Phoenix, AZ 85001"
Olivia,Moore,female,18,3,9,84.4,"9648 Oak Street, Phoenix, AZ 85001"
Bob,Brown,female,16,1,11,96.4,"5721 Cedar Lane, Portland, OR 97201"
Mia,Johnson,female,18,5,8,69.2,"575 Hill Street, Boston, MA 02108"
Emma,Wilson,female,16,2,8,82.9,"2654 Main Street, Austin, TX 78701"
Charlie,Moore,female,15,4,8,93.3,"2726 Park Avenue, Denver, CO 80202"
Kevin,Clark,female,17,5,11,88.6,"1466 Oak Street, Chicago, IL 60601"
Emma,Wilson,male,18,5,9,60.2,"2769 Washington Street, Boston, MA 02108"
David,Williams,female,18,5,9,87.9,"2805 Pine Avenue, Chicago, IL 60601"
Grace,Jones,male,18,1,13,96.0,"7393 River Road, Seattle, WA 98101"
Grace,Davis,male,16,1,9,97.4,"6707 Washington Street, Austin, TX 78701"
Grace,Williams,female,15,3,6,70.5,"5615 Main Street, Seattle, WA 98101"
William,White,male,15,0,9,88.6,"128 River Road, Boston, MA 02108"
David,Davis,male,18,4,13,97.5,"4365 Washington Street, Portland, OR 97201"
Liam,Hall,female,17,2,15,93.8,"5174 Maple Drive, Chicago, IL 60601"
Noah,Moore,male,17,2,6,60.1,"6593 Pine Avenue, Boston, MA 02108"
Amelia,Brown,female,16,2,12,83.5,"7795 Cedar Lane, Phoenix, AZ 85001"
Henry,Smith,female,15,5,10,93.2,"5343 Washington Street, Seattle, WA 98101"
Amelia,White,female,15,2,11,95.7,"7810 Oak Street, Phoenix, AZ 85001"
Kevin,Hall,male,16,4,14,89.8,"8277 Main Street, Orlando, FL 32801"
William,Williams,female,18,1,12,96.3,"7909 Cedar Lane, Seattle, WA 98101"
Isabella,Davis,male,15,0,11,97.7,"488 Pine Avenue, Chicago, IL 60601"
Noah,Wilson,male,17,5,12,96.2,"2026 Pine Avenue, Portland, OR 97201"
Charlie,Anderson,male,15,5,10,74.3,"6262 Cedar Lane, Phoenix, AZ 85001"
Isabella,Garcia,female,15,2,6,64.2,"5584 River Road, Seattle, WA 98101"
David,Walker,female,16,2,11,81.9,"37 Lake Road, Boston, MA 02108"
Lucas,Lewis,male,18,3,10,89.3,"2079 Cedar Lane, Seattle, WA 98101"
David,Moore,male,18,2,7,91.0,"4873 Maple Drive, Portland, OR 97201"
Sophia,Jones,female,16,5,15,92.3,"572 River Road, Chicago, IL 60601"
Kevin,Clark,male,17,5,14,78.2,"3544 Washington Street, Denver, CO 80202"
Noah,Johnson,female,16,5,8,92.2,"3697 Main Street, Orlando, FL 32801"
William,Moore,female,16,0,13,74.9,"6931 Washington Street, Chicago, IL 60601"
Noah,Moore,male,17,2,16,95.1,"8988 Park Avenue, Austin, TX 78701"
Emma,Anderson,male,17,3,15,66.2,"2263 Washington Street, Portland, OR 97201"
Kevin,Jones,male,16,5,8,87.9,"159 Hill Street, Austin, TX 78701"
Emma,Moore,female,16,0,6,73.5,"7773 Pine Avenue, Boston, MA 02108"
David,Clark,female,18,1,15,87.5,"4024 Main Street, Austin, TX 78701"
Isabella,Moore,female,17,5,14,96.3,"6160 Oak Street, Portland, OR 97201"
Noah,Wilson,female,17,0,6,64.4,"2009 Washington Street, Seattle, WA 98101"
Alice,Walker,female,17,5,16,63.6,"9723 Pine Avenue, Phoenix, AZ 85001"
William,Martin,female,16,0,10,62.4,"8816 Pine Avenue, Phoenix, AZ 85001"
Alice,Moore,female,15,4,14,80.5,"2043 Maple Drive, Austin, TX 78701"
Grace,Hall,male,15,4,12,90.4,"2025 Main Street, Orlando, FL 32801"
Lucas,Davis,male,15,4,9,92.4,"583 Oak Street, Austin, TX 78701"
Ava,Taylor,female,16,3,15,60.0,"4935 Main Street, Denver, CO 80202"
Ethan,Lee,male,18,5,10,79.9,"5779 River Road, Seattle, WA 98101"
David,Johnson,male,15,1,7,71.4,"3536 Pine Avenue, Seattle, WA 98101"
Lucas,Thomas,female,16,5,14,76.0,"9018 Lake Road, Denver, CO 80202"
Noah,Miller,female,18,0,9,85.7,"2356 Cedar Lane, Seattle, WA 98101"
Charlie,Wilson,male,17,4,15,84.6,"8389 River Road, Orlando, FL 32801"
Olivia,Jones,female,18,3,5,96.6,"4065 Oak Street, Denver, CO 80202"
David,Lewis,male,18,0,10,84.3,"5954 Hill Street, Denver, CO 80202"
Emma,Garcia,female,15,0,11,97.2,"3650 Park Avenue, Austin, TX 78701"
David,Miller,female,18,0,13,73.3,"9384 Lake Road, Denver, CO 80202"
Amelia,Brown,male,16,2,11,66.9,"8721 Cedar Lane, Phoenix, AZ 85001"
William,Walker,male,17,0,15,79.5,"2557 Pine Avenue, Orlando, FL 32801"
Noah,Walker,female,15,5,15,97.0,"4091 River Road, Phoenix, AZ 85001"
Sophia,Miller,female,17,3,13,70.9,"7018 Cedar Lane, Seattle, WA 98101"
Kevin,Williams,female,18,2,6,84.1,"1266 Maple Drive, Austin, TX 78701"
Grace,Walker,male,15,5,9,81.1,"8084 Main Street, Phoenix, AZ 85001"
Ava,Jones,female,18,4,15,97.9,"8732 Oak Street, Phoenix, AZ 85001"
Alice,Hall,male,15,5,11,86.7,"5663 Maple Drive, Boston, MA 02108"
Amelia,Lee,male,16,1,6,73.9,"2194 Cedar Lane, Chicago, IL 60601"
Bob,Martin,female,18,1,10,96.8,"5547 Maple Drive, Austin, TX 78701"
Kevin,Taylor,female,17,2,8,60.1,"9329 Park Avenue, Seattle, WA 98101"
Kevin,Clark,male,18,4,12,62.2,"106 River Road, Portland, OR 97201"
Liam,Taylor,female,15,0,10,93.8,"3060 Park Avenue, Chicago, IL 60601"
Alice,Brown,female,18,1,6,80.1,"2528 Park Avenue, Austin, TX 78701"
William,Smith,male,17,1,12,75.0,"4913 Hill Street, Phoenix, AZ 85001"
Grace,Lewis,female,15,3,15,91.9,"2661 Pine Avenue, Chicago, IL 60601"
Olivia,Smith,female,16,0,8,70.8,"2200 Park Avenue, Phoenix, AZ 85001"
Liam,Johnson,male,16,3,15,97.4,"1956 Park Avenue, Portland, OR 97201"
Ethan,White,male,17,3,13,87.6,"6380 Pine Avenue, Austin, TX 78701"
David,Smith,male,16,2,13,60.5,"3884 Main Street, Chicago, IL 60601"
Olivia,Hall,male,18,3,9,70.7,"1363 Park Avenue, Seattle, WA 98101"
Amelia,Jones,male,16,2,6,92.8,"4062 Park Avenue, Seattle, WA 98101"
William,Brown,male,16,4,15,84.1,"3768 Oak Street, Orlando, FL 32801"
Noah,Johnson,female,16,1,11,60.7,"3280 Oak Street, Boston, MA 02108"
Noah,Martin,female,16,1,10,76.2,"1015 Cedar Lane, Phoenix, AZ 85001"
Bob,Taylor,male,17,2,9,95.8,"6859 Maple Drive, Chicago, IL 60601"
Bob,Miller,male,15,0,15,88.3,"3483 Lake Road, Portland, OR 97201"
Jack,Hall,male,18,1,9,96.0,"5966 Hill Street, Denver, CO 80202"
David,Brown,male,16,2,10,88.2,"5930 River Road, Chicago, IL 60601"
Isabella,Wilson,male,18,0,6,65.0,"9870 Oak Street, Boston, MA 02108"
Lucas,Davis,male,18,0,6,95.8,"5628 Lake Road, Portland, OR 97201"
Henry,Lewis,male,15,1,8,75.9,"4147 Cedar Lane, Chicago, IL 60601"
Mia,Lee,male,18,0,12,75.9,"8265 Main Street, Orlando, FL 32801"
Amelia,Wilson,male,17,0,14,62.3,"3126 Park Avenue, Portland, OR 97201"
Ethan,Clark,male,16,3,13,74.6,"6403 Park Avenue, Denver, CO 80202"
Henry,Miller,male,16,4,8,82.5,"155 Cedar Lane, Portland, OR 97201"
Ava,Clark,female,17,1,9,86.9,"9056 Oak Street, Orlando, FL 32801"
Isabella,Johnson,male,17,0,15,65.6,"4560 Pine Avenue, Denver, CO 80202"
Bob,Garcia,male,15,0,15,73.2,"9924 Hill Street, Chicago, IL 60601"
Charlie,Lewis,female,16,3,14,71.2,"948 Main Street, Chicago, IL 60601"
Isabella,Wilson,male,17,0,13,85.0,"9566 Oak Street, Phoenix, AZ 85001"
Jack,Hall,male,18,1,10,70.2,"9539 Park Avenue, Orlando, FL 32801"
Sophia,Garcia,female,17,1,12,63.6,"2983 Washington Street, Orlando, FL 32801"
Grace,Davis,female,16,5,9,60.8,"2679 Pine Avenue, Phoenix, AZ 85001"
Amelia,Davis,male,16,0,11,69.3,"6604 Oak Street, Orlando, FL 32801"
Alice,Hall,male,18,3,5,64.2,"232 Main Street, Orlando, FL 32801"
Isabella,Williams,female,16,5,14,60.5,"163 Oak Street, Chicago, IL 60601"
Charlie,Davis,male,18,4,12,91.0,"5046 Hill Street, Portland, OR 97201"
Emma,Garcia,male,17,5,13,64.7,"739 Oak Street, Denver, CO 80202"
David,Clark,female,16,0,8,60.9,"7008 Park Avenue, Orlando, FL 32801"
Mia,Taylor,male,18,5,16,91.3,"1851 Washington Street, Orlando, FL 32801"
David,Garcia,male,17,2,6,83.4,"1949 Hill Street, Austin, TX 78701"
Bob,Hall,male,16,3,13,72.7,"2981 Park Avenue, Orlando, FL 32801"
Kevin,Hall,female,17,0,9,94.8,"6057 Lake Road, Austin, TX 78701"
Alice,Jones,male,17,1,11,77.0,"7848 Oak Street, Austin, TX 78701"
Lucas,Martin,female,16,0,10,97.8,"2989 Park Avenue, Chicago, IL 60601"
Liam,White,female,18,5,11,82.9,"5473 Pine Avenue, Seattle, WA 98101"
Noah,Martin,female,18,4,13,91.2,"6311 Oak Street, Phoenix, AZ 85001"
Ava,Walker,male,15,1,10,60.1,"291 Hill Street, Portland, OR 97201"
Emma,Brown,male,17,2,7,71.2,"2371 Cedar Lane, Phoenix, AZ 85001"
Isabella,Davis,male,15,5,7,64.5,"2354 Park Avenue, Boston, MA 02108"
Olivia,Thomas,male,15,5,14,62.8,"9740 Pine Avenue, Boston, MA 02108"
Emma,Thomas,male,15,1,6,60.5,"6833 Pine Avenue, Orlando, FL 32801"
William,Jones,female,18,3,16,72.8,"226 Lake Road, Austin, TX 78701"
Emma,Johnson,male,16,4,7,60.4,"6950 Washington Street, Denver, CO 80202"
Lucas,Clark,female,16,3,7,70.3,"1516 Cedar Lane, Phoenix, AZ 85001"
Emma,Davis,female,15,1,11,67.0,"9173 River Road, Austin, TX 78701"
Sophia,White,female,18,3,7,62.1,"6096 Park Avenue, Seattle, WA 98101"
Jack,Brown,male,15,2,14,89.6,"5506 Main Street, Seattle, WA 98101"
Kevin,Miller,male,15,1,14,60.4,"5074 Maple Drive, Seattle, WA 98101"
Bob,Garcia,female,15,4,14,61.7,"7936 Main Street, Boston, MA 02108"
Liam,Williams,female,15,2,9,96.4,"8205 Maple Drive, Chicago, IL 60601"
Noah,Thomas,male,15,2,11,94.1,"8260 Oak Street, Orlando, FL 32801"
Alice,Walker,female,18,4,5,71.0,"2492 Washington Street, Austin, TX 78701"
Charlie,Garcia,male,16,5,7,97.7,"8228 Cedar Lane, Chicago, IL 60601"
Sophia,Jones,female,17,2,14,92.5,"7069 Main Street, Phoenix, AZ 85001"
Isabella,Davis,male,16,4,15,97.8,"1605 Main Street, Orlando, FL 32801"
Kevin,Lewis,male,18,0,12,71.9,"4853 Pine Avenue, Austin, TX 78701"
Jack,Walker,female,17,0,6,66.8,"7558 Lake Road, Portland, OR 97201"
Jack,Lee,male,15,4,12,61.5,"4706 Park Avenue, Phoenix, AZ 85001"
Amelia,Jones,female,17,4,14,96.2,"6132 Oak Street, Phoenix, AZ 85001"
Ava,Lee,female,15,4,15,62.2,"4021 Cedar Lane, Boston, MA 02108"
Emma,Brown,female,18,1,14,75.2,"1205 Maple Drive, Phoenix, AZ 85001"
Sophia,Williams,female,18,3,15,80.3,"7626 Oak Street, Austin, TX 78701"
Grace,Brown,female,18,1,11,72.5,"5208 Hill Street, Portland, OR 97201"
Henry,White,male,17,3,5,80.7,"7709 Pine Avenue, Seattle, WA 98101"
Liam,Walker,male,18,0,10,90.0,"7766 Maple Drive, Boston, MA 02108"
Henry,Smith,female,17,2,15,66.7,"2332 Oak Street, Denver, CO 80202"
Noah,Williams,female,18,3,13,68.1,"4260 Pine Avenue, Boston, MA 02108"
Charlie,Martin,female,17,1,8,73.3,"6876 Washington Street, Portland, OR 97201"
Ethan,Miller,female,17,5,14,74.8,"172 Cedar Lane, Seattle, WA 98101"
Charlie,Walker,male,17,5,16,88.2,"5195 Main Street, Orlando, FL 32801"
Sophia,Jones,female,17,0,15,75.4,"8541 Main Street, Portland, OR 97201"
Emma,Lee,male,15,1,16,97.2,"6894 Cedar Lane, Orlando, FL 32801"
Amelia,Moore,male,17,1,8,96.9,"9460 Main Street, Chicago, IL 60601"
Mia,Smith,female,17,4,6,86.6,"7481 Park Avenue, Phoenix, AZ 85001"
Mia,Thomas,female,17,0,7,77.4,"6123 Pine Avenue, Orlando, FL 32801"
Ethan,Martin,female,17,5,16,85.9,"4650 River Road, Austin, TX 78701"
Charlie,Brown,male,15,4,11,63.9,"8934 Oak Street, Portland, OR 97201"
Ava,Walker,male,17,3,8,68.5,"7458 Cedar Lane, Phoenix, AZ 85001"
David,Davis,female,15,2,12,75.7,"6494 Main Street, Chicago, IL 60601"
Isabella,Clark,female,17,5,9,71.7,"6804 Maple Drive, Boston, MA 02108"
Olivia,Johnson,male,15,1,10,91.9,"8512 River Road, Chicago, IL 60601"
Liam,Miller,female,16,4,11,67.3,"6454 Main Street, Phoenix, AZ 85001"
Emma,Moore,male,18,2,13,66.0,"3794 Oak Street, Orlando, FL 32801"
Ava,Brown,female,17,4,7,96.1,"3348 Oak Street, Austin, TX 78701"
Alice,Martin,male,16,0,14,86.9,"1300 River Road, Phoenix, AZ 85001"
Alice,Jones,female,17,1,8,84.8,"3643 Lake Road, Seattle, WA 98101"
Ethan,Garcia,female,17,5,5,70.4,"2365 Main Street, Austin, TX 78701"
David,Lee,male,15,1,9,70.0,"2969 Oak Street, Austin, TX 78701"
William,Thomas,male,18,0,12,90.2,"6788 Oak Street, Portland, OR 97201"
Charlie,Davis,female,18,2,15,94.5,"2649 Pine Avenue, Denver, CO 80202"
Alice,Miller,male,15,2,10,78.4,"9840 Cedar Lane, Boston, MA 02108"
Grace,Clark,female,15,1,14,61.1,"387 Cedar Lane, Orlando, FL 32801"
Henry,Thomas,male,16,0,10,65.3,"1377 Pine Avenue, Denver, CO 80202"
Jack,White,male,15,2,16,81.0,"4832 Washington Street, Portland, OR 97201"
Olivia,Clark,female,16,2,7,67.5,"4615 Park Avenue, Austin, TX 78701"
Lucas,Walker,female,16,1,16,78.5,"7319 Park Avenue, Denver, CO 80202"
Liam,Hall,male,18,3,8,81.6,"6136 Oak Street, Portland, OR 97201"
Grace,Johnson,female,18,2,14,91.4,"8701 Hill Street, Phoenix, AZ 85001"
Alice,Brown,male,17,3,7,73.6,"1200 Maple Drive, Chicago, IL 60601"
Mia,Jones,female,15,0,10,86.2,"5398 Maple Drive, Portland, OR 97201"
Lucas,Anderson,male,15,3,9,82.9,"8648 Maple Drive, Austin, TX 78701"
Ethan,Wilson,male,18,5,11,72.1,"5254 Maple Drive, Seattle, WA 98101"
Bob,White,female,15,2,11,64.5,"7428 Pine Avenue, Chicago, IL 60601"
Lucas,Moore,male,15,2,5,84.5,"9443 Main Street, Portland, OR 97201"
Kevin,Jones,female,15,4,13,61.5,"276 Oak Street, Portland, OR 97201"
David,Martin,female,17,2,10,75.2,"9126 Hill Street, Portland, OR 97201"
Amelia,Johnson,female,17,5,12,78.7,"1999 Hill Street, Austin, TX 78701"
Alice,Garcia,male,15,1,6,97.8,"7148 Maple Drive, Orlando, FL 32801"
Charlie,Davis,female,15,5,5,69.9,"715 Oak Street, Boston, MA 02108"
Kevin,Williams,female,17,5,14,90.1,"6228 Lake Road, Orlando, FL 32801"
Emma,Walker,female,15,1,10,92.8,"9580 Park Avenue, Portland, OR 97201"
David,Clark,male,18,5,12,97.1,"5284 Washington Street, Seattle, WA 98101"
Charlie,Wilson,female,15,2,13,91.8,"3981 Maple Drive, Austin, TX 78701"
Charlie,White,male,16,0,15,68.2,"6318 Maple Drive, Portland, OR 97201"
David,Anderson,male,17,2,16,77.3,"2533 Cedar Lane, Austin, TX 78701"
Emma,Garcia,female,18,3,14,79.5,"6566 Maple Drive, Austin, TX 78701"
Jack,Martin,male,17,4,15,63.9,"7562 Oak Street, Austin, TX 78701"
Isabella,Smith,female,16,2,5,78.1,"8708 Washington Street, Chicago, IL 60601"
Jack,Brown,male,17,3,8,65.7,"8237 Park Avenue, Chicago, IL 60601"
Bob,Lee,female,17,0,5,84.6,"6933 Maple Drive, Denver, CO 80202"
Henry,Moore,male,17,4,14,78.8,"7113 Oak Street, Boston, MA 02108"
Isabella,Brown,male,15,0,5,81.9,"3921 Oak Street, Austin, TX 78701"
Jack,Garcia,female,18,3,6,68.4,"4405 Washington Street, Seattle, WA 98101"
Grace,Davis,female,17,5,14,70.9,"60 Oak Street, Orlando, FL 32801"
Ava,Hall,female,17,5,8,66.5,"1147 Pine Avenue, Orlando, FL 32801"
Liam,Lee,male,15,5,12,76.3,"351 Pine Avenue, Denver, CO 80202"
Charlie,Miller,male,17,3,14,60.0,"4065 Washington Street, Austin, TX 78701"
Bob,Smith,female,16,4,13,66.4,"2411 Oak Street, Austin, TX 78701"
Kevin,Anderson,female,18,5,10,97.6,"4226 Washington Street, Denver, CO 80202"
Mia,Lee,male,17,2,16,72.7,"8494 River Road, Portland, OR 97201"
David,Wilson,male,16,3,8,85.1,"2330 Hill Street, Portland, OR 97201"
Alice,Garcia,female,17,1,16,63.4,"6199 Oak Street, Denver, CO 80202"
Ethan,Lee,male,17,5,10,93.7,"6416 River Road, Phoenix, AZ 85001"
Jack,Taylor,male,15,4,13,86.7,"2024 Park Avenue, Portland, OR 97201"
Lucas,Thomas,female,15,0,12,95.2,"2420 Washington Street, Orlando, FL 32801"
Ava,Taylor,male,17,3,9,62.5,"4838 Main Street, Portland, OR 97201"
Bob,Davis,female,15,0,12,71.6,"7060 Hill Street, Boston, MA 02108"
Bob,Wilson,male,17,2,13,85.3,"9197 Pine Avenue, Austin, TX 78701"
Jack,Jones,male,18,4,6,71.1,"536 Washington Street, Chicago, IL 60601"
Isabella,Moore,female,18,0,9,95.0,"9791 Lake Road, Orlando, FL 32801"
Lucas,Martin,female,16,5,8,69.5,"6830 Cedar Lane, Seattle, WA 98101"
Kevin,Taylor,male,17,4,15,77.5,"3014 Park Avenue, Phoenix, AZ 85001"
David,Jones,female,17,4,15,87.1,"7683 Hill Street, Phoenix, AZ 85001"
Sophia,Martin,female,18,0,13,61.0,"6906 Oak Street, Orlando, FL 32801"
Amelia,Taylor,male,17,1,14,80.6,"9276 Lake Road, Boston, MA 02108"
Noah,Jones,female,15,3,13,77.5,"900 Oak Street, Boston, MA 02108"
Jack,Brown,female,15,2,14,78.3,"5438 Main Street, Austin, TX 78701"
Lucas,Clark,male,16,4,7,81.4,"8125 Pine Avenue, Seattle, WA 98101"
Emma,Taylor,female,15,3,14,86.1,"1889 Oak Street, Boston, MA 02108"
Emma,Hall,male,15,1,8,63.9,"413 Cedar Lane, Portland, OR 97201"
Noah,Johnson,male,17,3,12,97.3,"3859 Cedar Lane, Denver, CO 80202"
Amelia,Lee,male,18,1,15,60.8,"2331 Maple Drive, Orlando, FL 32801"
Ava,Lewis,male,18,3,9,71.0,"1648 River Road, Portland, OR 97201"
Mia,Wilson,female,18,5,6,77.6,"6970 Pine Avenue, Boston, MA 02108"
Kevin,Lee,male,18,0,14,71.5,"7292 Main Street, Chicago, IL 60601"
Emma,Lee,female,17,0,7,73.6,"8254 Maple Drive, Chicago, IL 60601"
Ava,Moore,male,16,5,7,73.4,"9236 Hill Street, Portland, OR 97201"
Emma,Wilson,female,18,0,15,78.4,"7739 River Road, Orlando, FL 32801"
Lucas,Clark,female,16,5,10,82.4,"9524 Hill Street, Phoenix, AZ 85001"
Charlie,Johnson,male,16,1,6,85.3,"8192 Washington Street, Chicago, IL 60601"
Isabella,Garcia,male,16,5,11,88.7,"6892 Oak Street, Boston, MA 02108"
Amelia,Wilson,male,15,5,6,76.8,"6142 River Road, Boston, MA 02108"
Grace,Anderson,male,18,3,7,97.6,"9410 Cedar Lane, Seattle, WA 98101"
Henry,Wilson,female,18,5,9,68.6,"2665 Park Avenue, Seattle, WA 98101"
Charlie,Walker,male,15,1,5,90.8,"95 Hill Street, Phoenix, AZ 85001"
Lucas,Lewis,male,17,1,15,87.7,"8663 Washington Street, Seattle, WA 98101"
Henry,Walker,female,17,2,14,94.2,"2268 Oak Street, Portland, OR 97201"
Olivia,Moore,male,15,1,13,71.3,"1942 Washington Street, Seattle, WA 98101"
Bob,Hall,female,15,1,9,95.0,"4128 Park Avenue, Chicago, IL 60601"
Charlie,Miller,female,15,4,14,69.2,"8492 River Road, Denver, CO 80202"
Noah,Hall,male,15,4,12,95.6,"4319 Main Street, Boston, MA 02108"
Liam,Martin,female,16,2,5,65.3,"8973 Hill Street, Boston, MA 02108"
Isabella,White,male,15,2,6,96.1,"9810 River Road, Austin, TX 78701"
Ethan,White,male,17,5,5,64.0,"8146 Cedar Lane, Seattle, WA 98101"
Mia,Martin,female,17,1,5,95.4,"441 Maple Drive, Phoenix, AZ 85001"
Alice,Lewis,female,15,3,11,86.4,"7050 Park Avenue, Orlando, FL 32801"
David,Lee,male,17,2,8,73.0,"959 Maple Drive, Seattle, WA 98101"
Charlie,Walker,male,16,3,16,88.6,"8795 River Road, Boston, MA 02108"
Alice,Garcia,male,15,0,7,76.7,"4640 Main Street, Chicago, IL 60601"
Mia,Hall,male,17,1,14,75.1,"2015 Oak Street, Austin, TX 78701"
Jack,Lewis,male,18,5,16,90.9,"3619 Washington Street, Denver, CO 80202"
Mia,Lewis,female,16,4,9,72.1,"8880 Cedar Lane, Austin, TX 78701"
Bob,Thomas,female,18,2,6,67.7,"2256 Cedar Lane, Seattle, WA 98101"
Kevin,Lewis,male,15,2,16,91.0,"2335 Main Street, Seattle, WA 98101"
Sophia,Lee,male,15,3,5,70.3,"9647 Park Avenue, Denver, CO 80202"
Charlie,Johnson,female,18,3,5,92.8,"6312 Washington Street, Boston, MA 02108"
Isabella,Davis,female,16,5,11,80.2,"5009 Main Street, Chicago, IL 60601"
Alice,Hall,female,17,4,8,88.8,"5596 River Road, Phoenix, AZ 85001"
Olivia,Johnson,male,18,5,15,70.9,"8771 Washington Street, Phoenix, AZ 85001"
Lucas,Walker,female,16,3,12,88.3,"3913 Pine Avenue, Boston, MA 02108"
Jack,Wilson,male,16,4,9,72.8,"6475 Main Street, Denver, CO 80202"
Mia,Wilson,female,15,0,9,81.6,"5269 Lake Road, Orlando, FL 32801"
Sophia,Lee,male,18,0,12,61.4,"5887 Washington Street, Seattle, WA 98101"
Olivia,Johnson,male,17,4,13,71.9,"1059 Washington Street, Orlando, FL 32801"
Jack,Wilson,female,18,1,8,84.0,"2416 River Road, Boston, MA 02108"
Isabella,Brown,male,16,5,13,92.7,"9510 Hill Street, Boston, MA 02108"
Ethan,Garcia,male,17,2,5,85.8,"5799 Cedar Lane, Boston, MA 02108"
Amelia,Garcia,female,15,0,13,76.9,"8382 Oak Street, Seattle, WA 98101"
Henry,Anderson,female,18,0,15,76.2,"4648 Pine Avenue, Boston, MA 02108"
Liam,Hall,female,17,3,15,74.2,"4827 River Road, Boston, MA 02108"
Grace,Thomas,male,17,1,14,61.0,"9988 Maple Drive, Chicago, IL 60601"
Ava,Clark,female,16,3,14,61.2,"2468 Park Avenue, Austin, TX 78701"
Charlie,Garcia,female,15,4,5,83.1,"8602 Cedar Lane, Portland, OR 97201"
Liam,Wilson,male,17,1,10,69.2,"5940 Maple Drive, Portland, OR 97201"
Liam,Brown,male,18,5,11,73.8,"5776 Cedar Lane, Austin, TX 78701"
Mia,White,male,18,3,8,81.6,"2062 Cedar Lane, Seattle, WA 98101"
Olivia,Walker,male,17,2,10,71.9,"1345 Park Avenue, Phoenix, AZ 85001"
Ava,Jones,female,16,1,12,60.6,"1989 Park Avenue, Denver, CO 80202"
Ethan,White,male,16,0,11,60.9,"2745 Oak Street, Orlando, FL 32801"
Ava,Clark,female,18,2,7,75.3,"9134 Maple Drive, Denver, CO 80202"
David,Anderson,female,15,5,5,62.8,"5825 Washington Street, Phoenix, AZ 85001"
Sophia,Martin,female,18,5,7,87.9,"9669 Cedar Lane, Austin, TX 78701"
Emma,Smith,female,18,3,10,76.7,"8344 River Road, Denver, CO 80202"
David,Garcia,female,18,2,5,81.4,"8614 River Road, Phoenix, AZ 85001"
Kevin,Anderson,female,17,1,7,61.6,"3461 Park Avenue, Denver, CO 80202"
Lucas,Hall,female,15,2,9,66.3,"4726 Lake Road, Portland, OR 97201"
Sophia,Garcia,male,17,2,14,88.6,"3805 Lake Road, Orlando, FL 32801"
David,Davis,male,15,4,5,96.5,"8854 Cedar Lane, Seattle, WA 98101"
Alice,White,male,17,1,9,95.8,"9367 Park Avenue, Portland, OR 97201"
Ava,Jones,female,17,0,16,86.8,"1975 Washington Street, Phoenix, AZ 85001"
William,Wilson,male,16,2,16,85.4,"5805 Oak Street, Seattle, WA 98101"
Charlie,Anderson,male,17,2,12,84.0,"8412 Oak Street, Chicago, IL 60601"
Bob,Martin,male,17,1,13,85.1,"593 Main Street, Seattle, WA 98101"
Emma,Walker,female,16,5,8,70.1,"2491 Washington Street, Orlando, FL 32801"
William,Taylor,male,16,5,6,96.1,"3519 Main Street, Phoenix, AZ 85001"
Charlie,White,male,16,0,11,86.1,"6240 River Road, Seattle, WA 98101"
Mia,White,male,17,1,9,85.4,"8041 Park Avenue, Chicago, IL 60601"
Ethan,White,female,15,1,6,96.6,"4716 Park Avenue, Portland, OR 97201"
Liam,Garcia,female,15,1,12,96.3,"1870 Hill Street, Phoenix, AZ 85001"
Emma,White,female,18,5,8,61.1,"4399 Cedar Lane, Seattle, WA 98101"
Olivia,Johnson,female,17,5,10,75.6,"7250 Park Avenue, Phoenix, AZ 85001"
Jack,Johnson,female,18,5,8,72.9,"757 Lake Road, Portland, OR 97201"
Olivia,Garcia,male,16,5,6,96.0,"5411 Pine Avenue, Boston, MA 02108"
Alice,Moore,male,17,2,13,62.4,"816 Cedar Lane, Seattle, WA 98101"
Mia,Lewis,male,16,4,11,92.7,"3767 Lake Road, Orlando, FL 32801"
Mia,Anderson,female,16,4,16,69.5,"233 Main Street, Boston, MA 02108"
Ava,Brown,female,18,0,7,70.8,"407 Maple Drive, Seattle, WA 98101"
Bob,Wilson,male,18,5,11,65.0,"4433 Oak Street, Austin, TX 78701"
Charlie,Clark,female,15,0,16,91.5,"9920 Pine Avenue, Austin, TX 78701"
Lucas,Moore,male,17,2,11,79.5,"393 Lake Road, Denver, CO 80202"
Sophia,Davis,male,17,5,14,77.9,"4781 Park Avenue, Austin, TX 78701"
Isabella,Martin,female,18,2,16,80.3,"4017 Park Avenue, Boston, MA 02108"
William,Moore,female,15,3,8,82.0,"417 Park Avenue, Seattle, WA 98101"
Sophia,Thomas,female,15,5,9,72.6,"1380 Oak Street, Orlando, FL 32801"
Henry,White,male,15,1,11,83.4,"7768 Cedar Lane, Seattle, WA 98101"
Bob,White,female,18,2,16,72.8,"2477 Main Street, Chicago, IL 60601"
Lucas,Hall,female,15,2,16,68.0,"9224 Washington Street, Portland, OR 97201"
Liam,Garcia,female,18,5,12,79.5,"1344 Oak Street, Phoenix, AZ 85001"
Charlie,Moore,male,15,1,13,88.4,"2732 Maple Drive, Portland, OR 97201"
David,Johnson,female,18,1,15,90.5,"7992 Pine Avenue, Phoenix, AZ 85001"
Noah,Smith,female,15,3,9,87.4,"4451 Cedar Lane, Chicago, IL 60601"
Amelia,Thomas,male,16,2,13,86.0,"6092 Cedar Lane, Denver, CO 80202"
William,Lee,male,17,5,16,97.9,"2227 Pine Avenue, Portland, OR 97201"
Alice,Anderson,female,16,1,12,62.5,"101 Lake Road, Seattle, WA 98101"
Henry,Brown,female,17,0,5,83.7,"9749 Pine Avenue, Austin, TX 78701"
Mia,Lewis,male,17,5,5,95.3,"4508 Lake Road, Phoenix, AZ 85001"
Lucas,Taylor,female,18,2,13,80.6,"3329 Oak Street, Orlando, FL 32801"
David,Davis,female,16,2,14,63.9,"8567 River Road, Phoenix, AZ 85001"
Liam,Walker,female,18,1,7,60.1,"3808 Maple Drive, Austin, TX 78701"
Amelia,Jones,male,16,3,5,72.3,"865 Pine Avenue, Portland, OR 97201"
Olivia,White,female,17,4,6,69.1,"6452 Park Avenue, Phoenix, AZ 85001"
William,Thomas,female,17,4,6,93.6,"3514 Pine Avenue, Denver, CO 80202"
Emma,Martin,female,18,5,9,86.0,"9150 Park Avenue, Chicago, IL 60601"
Grace,Smith,female,18,5,10,87.7,"3512 River Road, Seattle, WA 98101"
Noah,Thomas,male,15,1,12,73.7,"3203 Main Street, Denver, CO 80202"
Liam,Brown,female,17,4,5,83.1,"559 Lake Road, Portland, OR 97201"
Noah,Johnson,female,17,5,5,96.9,"508 Washington Street, Portland, OR 97201"
William,Miller,female,15,0,10,61.1,"2519 Pine Avenue, Orlando, FL 32801"
Charlie,Martin,male,15,3,15,87.0,"5158 Oak Street, Denver, CO 80202"
Henry,Hall,male,17,5,10,94.1,"2782 River Road, Chicago, IL 60601"
Ava,Smith,female,18,5,15,62.3,"3171 Cedar Lane, Orlando, FL 32801"
Jack,Williams,male,18,0,9,83.1,"8291 Park Avenue, Orlando, FL 32801"
Alice,Taylor,female,17,0,10,77.7,"1420 River Road, Portland, OR 97201"
Charlie,Brown,male,16,5,6,67.1,"9695 Main Street, Orlando, FL 32801"
Alice,Davis,female,18,0,16,95.8,"5052 Maple Drive, Orlando, FL 32801"
Kevin,Johnson,female,17,1,9,65.3,"5179 Park Avenue, Seattle, WA 98101"
Henry,Wilson,male,16,2,9,86.5,"4344 Oak Street, Portland, OR 97201"
Mia,Walker,female,17,5,13,77.1,"2803 Main Street, Phoenix, AZ 85001"
Emma,Lewis,male,18,2,15,90.8,"4739 Maple Drive, Chicago, IL 60601"
Ava,Lewis,female,15,4,8,69.8,"7672 Lake Road, Boston, MA 02108"
David,Clark,male,18,1,12,82.3,"6109 River Road, Phoenix, AZ 85001"
Lucas,Johnson,female,15,5,10,93.0,"139 Pine Avenue, Phoenix, AZ 85001"
William,Anderson,female,15,1,10,71.6,"7658 Cedar Lane, Orlando, FL 32801"
Alice,Lee,female,18,5,11,78.0,"4000 Lake Road, Chicago, IL 60601"
Amelia,Anderson,female,18,2,5,96.9,"3848 Cedar Lane, Austin, TX 78701"
Olivia,Martin,female,18,4,5,66.2,"2736 Lake Road, Seattle, WA 98101"
Lucas,Jones,male,17,0,6,71.8,"2327 Hill Street, Portland, OR 97201"
Noah,Miller,female,15,5,7,67.6,"2829 Lake Road, Denver, CO 80202"
Charlie,Miller,male,16,3,6,87.5,"2535 Cedar Lane, Chicago, IL 60601"
Alice,White,male,17,0,12,80.9,"6466 Maple Drive, Portland, OR 97201"
Noah,Lee,male,15,3,7,72.1,"2197 Park Avenue, Chicago, IL 60601"
Kevin,Martin,female,15,2,12,85.5,"9618 Main Street, Seattle, WA 98101"
Amelia,Miller,male,17,2,10,79.1,"36 River Road, Phoenix, AZ 85001"
Charlie,Garcia,male,18,1,5,68.0,"7143 Oak Street, Chicago, IL 60601"
Noah,Miller,female,16,2,9,74.7,"7885 Main Street, Denver, CO 80202"
Olivia,Miller,male,18,5,13,91.7,"7627 Oak Street, Chicago, IL 60601"
David,Moore,male,16,2,7,81.8,"6301 Washington Street, Boston, MA 02108"
William,Moore,female,15,2,11,69.8,"1909 River Road, Portland, OR 97201"
Ava,Thomas,female,17,4,10,64.2,"2940 Park Avenue, Phoenix, AZ 85001"
Charlie,Jones,male,17,5,14,69.8,"8446 River Road, Portland, OR 97201"
Olivia,Johnson,female,17,0,6,93.0,"7550 Hill Street, Boston, MA 02108"
Amelia,Thomas,female,18,2,15,71.3,"395 Cedar Lane, Denver, CO 80202"
Grace,Taylor,female,18,0,12,72.3,"593 River Road, Austin, TX 78701"
Mia,Johnson,female,16,1,6,80.3,"2075 Pine Avenue, Portland, OR 97201"
Olivia,Wilson,female,18,5,14,69.3,"8587 River Road, Portland, OR 97201"
Bob,Williams,female,17,0,7,83.2,"1666 Park Avenue, Austin, TX 78701"
Liam,Taylor,female,18,0,7,96.1,"4218 Oak Street, Phoenix, AZ 85001"
David,Davis,female,17,4,13,80.5,"4003 Main Street, Chicago, IL 60601"
Lucas,White,male,18,2,16,86.2,"3052 Lake Road, Boston, MA 02108"
Amelia,Moore,male,17,2,5,75.5,"316 Park Avenue, Orlando, FL 32801"
Jack,Wilson,female,17,0,8,68.5,"5328 Maple Drive, Austin, TX 78701"
Amelia,Taylor,female,18,5,14,72.5,"6384 Washington Street, Boston, MA 02108"
Liam,Anderson,female,17,3,7,77.6,"8185 Maple Drive, Orlando, FL 32801"
Noah,Wilson,female,15,5,14,96.8,"7981 Cedar Lane, Chicago, IL 60601"
Charlie,Davis,female,17,2,10,77.2,"7667 Main Street, Orlando, FL 32801"
Amelia,Walker,male,17,4,11,75.8,"393 Lake Road, Portland, OR 97201"
Isabella,Moore,male,18,4,6,63.7,"3586 Maple Drive, Austin, TX 78701"
Lucas,Taylor,male,16,5,11,80.9,"5777 Maple Drive, Phoenix, AZ 85001"
Amelia,Wilson,female,17,5,6,85.2,"5216 Cedar Lane, Phoenix, AZ 85001"
Isabella,Moore,female,18,2,12,66.0,"2920 Park Avenue, Denver, CO 80202"
Alice,Lewis,female,18,5,7,86.0,"1620 Park Avenue, Phoenix, AZ 85001"
Olivia,Martin,male,15,4,8,65.3,"8257 Oak Street, Phoenix, AZ 85001"
Alice,Anderson,male,16,4,15,77.9,"1500 Hill Street, Boston, MA 02108"
Amelia,Moore,male,16,3,10,87.5,"3930 Pine Avenue, Portland, OR 97201"
Henry,Anderson,male,17,0,5,67.9,"7565 Washington Street, Seattle, WA 98101"
Amelia,Lee,male,16,3,13,84.4,"9906 Hill Street, Orlando, FL 32801"
Isabella,Lee,male,15,5,5,85.9,"6667 Cedar Lane, Portland, OR 97201"
Noah,Williams,female,17,5,13,64.6,"9954 Cedar Lane, Boston, MA 02108"
Sophia,White,male,17,3,16,89.2,"5963 Park Avenue, Portland, OR 97201"
Olivia,Brown,male,16,2,14,88.6,"1841 Pine Avenue, Chicago, IL 60601"
Olivia,Anderson,male,16,3,8,70.1,"5417 Oak Street, Portland, OR 97201"
William,Garcia,female,17,2,16,76.9,"7388 Lake Road, Denver, CO 80202"
Amelia,Johnson,male,16,4,9,61.0,"6086 River Road, Chicago, IL 60601"
Kevin,Taylor,male,17,3,16,76.7,"4841 Pine Avenue, Orlando, FL 32801"
Emma,Hall,female,18,2,15,68.7,"3477 River Road, Denver, CO 80202"
Emma,Walker,male,17,2,16,79.3,"8477 Park Avenue, Portland, OR 97201"
Amelia,Miller,female,16,4,13,71.9,"6143 Park Avenue, Portland, OR 97201"
Grace,Clark,female,16,3,11,60.5,"1070 Hill Street, Seattle, WA 98101"
Kevin,Davis,male,16,2,14,89.6,"1969 Maple Drive, Chicago, IL 60601"
William,Lee,male,16,5,8,73.8,"548 Park Avenue, Austin, TX 78701"
Liam,Clark,male,17,4,13,92.2,"8820 Oak Street, Boston, MA 02108"
Sophia,Walker,male,16,2,16,66.9,"4025 Maple Drive, Portland, OR 97201"
Grace,Johnson,female,17,0,16,67.2,"1053 Pine Avenue, Denver, CO 80202"
Bob,Davis,male,16,4,14,78.1,"1620 Cedar Lane, Boston, MA 02108"
Liam,Williams,male,18,0,12,63.2,"3244 Oak Street, Seattle, WA 98101"
Amelia,White,female,15,4,11,92.7,"1837 Washington Street, Seattle, WA 98101"
Lucas,Hall,female,15,2,11,82.9,"8080 Pine Avenue, Chicago, IL 60601"
Ava,White,female,17,2,13,69.5,"4520 Cedar Lane, Denver, CO 80202"
Sophia,Brown,male,18,0,10,93.9,"8358 Washington Street, Portland, OR 97201"
Grace,Miller,male,18,5,9,63.6,"7271 Hill Street, Orlando, FL 32801"
Henry,Brown,male,16,2,13,71.6,"8700 Washington Street, Austin, TX 78701"
Kevin,Hall,male,16,2,7,67.3,"6501 Pine Avenue, Orlando, FL 32801"
Amelia,Miller,female,18,5,14,90.0,"4423 Maple Drive, Denver, CO 80202"
William,Taylor,female,16,2,10,87.6,"5176 Washington Street, Denver, CO 80202"
Olivia,Walker,female,18,0,11,62.1,"6707 Hill Street, Orlando, FL 32801"
Sophia,Wilson,male,16,1,15,87.2,"4839 Hill Street, Boston, MA 02108"
Liam,Martin,female,17,4,13,88.1,"3532 River Road, Portland, OR 97201"
Jack,Brown,male,16,1,10,87.5,"9724 Washington Street, Boston, MA 02108"
Noah,White,male,17,4,14,74.3,"1671 Main Street, Chicago, IL 60601"
Jack,Lewis,female,18,2,6,77.9,"1222 Hill Street, Phoenix, AZ 85001"
Emma,Jones,female,16,4,6,76.7,"5381 River Road, Denver, CO 80202"
Ethan,Clark,female,15,1,6,93.1,"5153 Hill Street, Portland, OR 97201"
Henry,Miller,female,18,1,12,73.8,"3270 Lake Road, Denver, CO 80202"
Amelia,Smith,male,15,5,11,76.2,"7978 Main Street, Boston, MA 02108"
Ava,Thomas,male,18,0,13,93.2,"5368 Cedar Lane, Portland, OR 97201"
Kevin,Walker,female,15,5,6,81.5,"9157 Oak Street, Orlando, FL 32801"
Ava,Williams,female,16,0,15,76.4,"4546 Washington Street, Portland, OR 97201"
Emma,Anderson,male,16,5,14,72.9,"8656 Park Avenue, Boston, MA 02108"
Noah,Walker,female,15,4,11,60.7,"3700 Hill Street, Phoenix, AZ 85001"
Emma,Wilson,male,17,4,12,84.8,"3292 River Road, Chicago, IL 60601"
Lucas,Jones,male,16,1,9,66.9,"439 Cedar Lane, Boston, MA 02108"
Emma,Lewis,female,15,2,10,95.3,"3431 Maple Drive, Denver, CO 80202"
Grace,Martin,female,16,1,10,61.0,"7213 Oak Street, Phoenix, AZ 85001"
Alice,Lee,male,18,0,12,76.7,"3264 Maple Drive, Phoenix, AZ 85001"
Lucas,Brown,male,16,4,14,87.5,"2003 Pine Avenue, Seattle, WA 98101"
David,White,female,17,3,8,68.0,"1497 Cedar Lane, Chicago, IL 60601"
William,Wilson,male,18,0,5,74.4,"6891 Park Avenue, Austin, TX 78701"
Mia,Thomas,female,15,3,15,71.4,"1393 Park Avenue, Portland, OR 97201"
Alice,Wilson,female,15,1,8,66.7,"161 Pine Avenue, Orlando, FL 32801"
Emma,White,male,15,4,8,92.9,"4811 Hill Street, Phoenix, AZ 85001"
Grace,Martin,male,16,4,7,88.2,"2985 Hill Street, Austin, TX 78701"
Grace,Smith,female,16,2,11,83.8,"4354 River Road, Chicago, IL 60601"
Alice,Smith,female,15,3,5,87.9,"2374 Park Avenue, Boston, MA 02108"
Ethan,Moore,male,16,0,5,73.2,"3658 Oak Street, Phoenix, AZ 85001"
Charlie,Brown,female,18,3,13,76.7,"9893 Main Street, Denver, CO 80202"
William,White,female,16,2,15,80.5,"1589 Washington Street, Portland, OR 97201"
Lucas,Davis,male,16,4,7,90.6,"2346 Maple Drive, Austin, TX 78701"
David,Moore,female,15,1,8,69.5,"4943 Hill Street, Portland, OR 97201"
Lucas,Clark,female,16,2,11,74.2,"2389 River Road, Boston, MA 02108"
Noah,Johnson,male,16,0,7,84.1,"3906 Pine Avenue, Phoenix, AZ 85001"
Liam,Smith,female,18,2,8,83.9,"9466 Park Avenue, Portland, OR 97201"
Henry,Lee,female,18,0,16,70.6,"8439 Hill Street, Chicago, IL 60601"
Grace,Wilson,female,18,4,12,85.2,"5619 Cedar Lane, Denver, CO 80202"
Charlie,Thomas,female,15,4,7,63.6,"7504 Oak Street, Austin, TX 78701"
Ethan,Taylor,male,17,2,12,76.6,"1369 Cedar Lane, Orlando, FL 32801"
Noah,Clark,male,16,5,8,89.5,"3265 Hill Street, Orlando, FL 32801"
Lucas,Clark,male,17,4,8,86.4,"8707 Pine Avenue, Chicago, IL 60601"
Grace,Brown,male,16,5,7,80.6,"9998 Park Avenue, Seattle, WA 98101"
Jack,Johnson,female,17,3,13,96.9,"7817 Washington Street, Chicago, IL 60601"
Emma,Taylor,male,15,2,16,81.1,"5115 Maple Drive, Austin, TX 78701"
Bob,Martin,male,16,3,7,89.1,"3982 Park Avenue, Orlando, FL 32801"
Olivia,Moore,male,16,2,6,68.6,"4535 Pine Avenue, Phoenix, AZ 85001"
David,Walker,male,16,3,7,85.5,"5375 Main Street, Austin, TX 78701"
Ava,Taylor,male,18,1,15,76.7,"2055 Cedar Lane, Portland, OR 97201"
Emma,Williams,female,17,0,11,91.8,"4195 Oak Street, Portland, OR 97201"
Olivia,Walker,male,18,2,8,79.9,"1461 River Road, Chicago, IL 60601"
Isabella,White,female,18,0,15,64.0,"4600 Lake Road, Denver, CO 80202"
Ava,Anderson,female,17,2,6,60.5,"7965 Maple Drive, Portland, OR 97201"
Isabella,Walker,female,17,0,16,78.5,"9949 River Road, Phoenix, AZ 85001"
Amelia,Clark,female,15,4,6,82.4,"1625 River Road, Austin, TX 78701"
David,Garcia,female,18,3,16,88.3,"5700 Washington Street, Portland, OR 97201"
Lucas,Clark,male,18,5,16,89.5,"430 Maple Drive, Orlando, FL 32801"
Alice,Anderson,male,17,3,5,87.7,"4163 Hill Street, Chicago, IL 60601"
Mia,Garcia,female,18,0,10,77.4,"4321 Pine Avenue, Seattle, WA 98101"
Ethan,Lewis,female,18,2,7,92.1,"1466 Hill Street, Chicago, IL 60601"
Amelia,Lewis,male,17,2,6,94.7,"1491 Park Avenue, Chicago, IL 60601"
Amelia,White,male,18,1,9,92.5,"7963 Hill Street, Chicago, IL 60601"
Sophia,Thomas,male,16,2,5,64.2,"9542 Lake Road, Denver, CO 80202"
Ethan,Lewis,male,18,4,16,62.9,"1539 Oak Street, Phoenix, AZ 85001"
Jack,Jones,female,17,3,7,95.0,"1707 Lake Road, Austin, TX 78701"
Liam,Garcia,female,15,1,13,65.9,"4495 Main Street, Portland, OR 97201"
Isabella,Garcia,male,16,3,15,90.8,"2391 Main Street, Denver, CO 80202"
Isabella,Smith,female,18,3,13,80.9,"9317 Maple Drive, Phoenix, AZ 85001"
Grace,Clark,female,18,5,9,86.9,"5973 Lake Road, Phoenix, AZ 85001"
Mia,Thomas,male,17,4,10,62.9,"2213 Hill Street, Seattle, WA 98101"
Ethan,Walker,male,15,4,16,78.1,"5146 Oak Street, Seattle, WA 98101"
Mia,Lewis,male,18,2,14,91.8,"7550 River Road, Portland, OR 97201"
William,Walker,female,15,1,5,81.3,"9168 Main Street, Chicago, IL 60601"
William,Jones,male,17,0,16,70.5,"4138 Main Street, Portland, OR 97201"
Olivia,Jones,female,16,5,12,71.8,"5001 Hill Street, Seattle, WA 98101"
Lucas,Clark,female,16,4,15,82.3,"121 River Road, Boston, MA 02108"
Mia,Walker,male,15,4,6,80.1,"2651 Maple Drive, Seattle, WA 98101"
Amelia,Miller,male,15,5,12,87.7,"5446 Oak Street, Austin, TX 78701"
Noah,Walker,female,18,3,16,78.0,"5634 Pine Avenue, Austin, TX 78701"
Kevin,Thomas,male,18,2,12,63.4,"4278 Park Avenue, Seattle, WA 98101"
Isabella,Thomas,male,17,3,6,79.9,"344 River Road, Boston, MA 02108"
Ethan,Johnson,female,15,1,5,96.6,"8679 Main Street, Boston, MA 02108"
Liam,Moore,female,15,4,14,74.2,"1146 Pine Avenue, Seattle, WA 98101"
Amelia,White,male,16,2,6,93.1,"2544 River Road, Chicago, IL 60601"
Lucas,Miller,female,16,4,7,90.9,"7302 Main Street, Boston, MA 02108"
Ethan,Brown,female,17,0,10,86.0,"9678 Cedar Lane, Orlando, FL 32801"
David,White,male,16,4,10,95.6,"8988 Park Avenue, Portland, OR 97201"
David,Lewis,male,17,1,10,65.4,"8050 Maple Drive, Phoenix, AZ 85001"
Bob,Thomas,male,18,5,16,88.7,"9695 Oak Street, Austin, TX 78701"
Liam,Clark,female,16,2,10,65.1,"3254 Lake Road, Phoenix, AZ 85001"
Noah,Martin,female,15,3,5,78.7,"5277 Cedar Lane, Portland, OR 97201"
Amelia,Moore,female,18,2,15,86.6,"8653 Main Street, Seattle, WA 98101"
Charlie,Taylor,male,17,5,5,80.3,"783 Lake Road, Phoenix, AZ 85001"
Henry,Thomas,male,18,5,13,79.9,"2931 Cedar Lane, Chicago, IL 60601"
Bob,Davis,male,18,1,8,87.1,"1205 Maple Drive, Portland, OR 97201"
Henry,Walker,male,15,3,8,94.2,"1915 Lake Road, Boston, MA 02108"
Isabella,Anderson,male,18,1,10,94.9,"6595 Main Street, Orlando, FL 32801"
Emma,Hall,male,17,3,15,81.7,"5084 Maple Drive, Denver, CO 80202"
Olivia,Smith,female,18,3,9,92.0,"3114 Washington Street, Denver, CO 80202"
Amelia,Smith,female,15,5,12,64.9,"3663 Oak Street, Austin, TX 78701"
David,Miller,female,15,1,13,72.4,"4212 Park Avenue, Denver, CO 80202"
Ethan,Taylor,female,17,0,6,75.0,"3321 Oak Street, Portland, OR 97201"
Henry,Jones,male,18,3,6,64.2,"633 Park Avenue, Orlando, FL 32801"
Charlie,Williams,male,18,4,10,76.6,"2348 Washington Street, Boston, MA 02108"
Ava,Davis,male,17,0,14,60.5,"2512 Hill Street, Denver, CO 80202"
Grace,Thomas,female,16,5,5,74.9,"2518 Lake Road, Austin, TX 78701"
Isabella,Miller,male,17,5,16,76.7,"7227 Oak Street, Seattle, WA 98101"
Amelia,Clark,female,16,1,13,96.6,"939 Oak Street, Austin, TX 78701"
Olivia,Clark,male,16,5,10,74.1,"2360 Oak Street, Seattle, WA 98101"
Alice,Moore,male,15,3,14,64.5,"3688 Main Street, Austin, TX 78701"
Alice,White,female,17,5,14,74.7,"3903 Washington Street, Denver, CO 80202"
Mia,Lee,female,16,3,13,93.4,"3677 Pine Avenue, Denver, CO 80202"
Grace,Moore,female,16,2,16,60.8,"4922 Pine Avenue, Boston, MA 02108"
Sophia,Martin,male,18,1,15,73.4,"6658 Park Avenue, Phoenix, AZ 85001"
Sophia,Lee,female,18,3,10,72.8,"6545 Pine Avenue, Seattle, WA 98101"
Isabella,Davis,male,16,5,15,89.8,"5964 Washington Street, Phoenix, AZ 85001"
Mia,Taylor,male,18,1,12,64.1,"7420 Lake Road, Phoenix, AZ 85001"
Bob,Davis,male,17,4,7,85.1,"8488 Park Avenue, Orlando, FL 32801"
Sophia,Smith,male,18,4,15,66.5,"9240 Pine Avenue, Phoenix, AZ 85001"
Lucas,Davis,male,18,2,12,69.3,"2149 Washington Street, Chicago, IL 60601"
Amelia,Hall,male,15,0,6,60.8,"874 Hill Street, Austin, TX 78701"
Liam,Thomas,male,16,1,9,91.9,"5956 River Road, Chicago, IL 60601"
Lucas,Lee,female,17,5,7,71.0,"1672 Cedar Lane, Orlando, FL 32801"
Emma,Miller,female,15,4,14,75.6,"9212 Cedar Lane, Portland, OR 97201"
Jack,Garcia,male,16,3,6,88.7,"2231 Park Avenue, Portland, OR 97201"
Noah,White,male,15,4,16,97.5,"5947 Washington Street, Orlando, FL 32801"
Sophia,Smith,female,17,2,6,93.7,"1138 Pine Avenue, Orlando, FL 32801"
Amelia,Taylor,female,16,0,15,67.5,"5264 Lake Road, Austin, TX 78701"
Mia,Hall,female,15,4,14,75.9,"2779 Hill Street, Denver, CO 80202"
Henry,Clark,female,15,3,10,94.4,"862 Maple Drive, Denver, CO 80202"
Jack,Lee,female,17,0,9,88.5,"7515 Oak Street, Chicago, IL 60601"
Ethan,Johnson,male,15,5,14,60.7,"6246 Maple Drive, Portland, OR 97201"
Noah,Moore,male,17,5,11,72.8,"8408 Park Avenue, Phoenix, AZ 85001"
Liam,Jones,female,17,4,8,78.6,"4379 Oak Street, Portland, OR 97201"
Charlie,Anderson,male,15,1,6,69.2,"2911 Hill Street, Austin, TX 78701"
Emma,Walker,male,15,0,5,87.5,"5599 River Road, Austin, TX 78701"
Emma,Walker,female,17,5,6,83.3,"930 Pine Avenue, Seattle, WA 98101"
Charlie,Miller,male,15,0,11,90.1,"3828 Maple Drive, Boston, MA 02108"
Charlie,Moore,female,16,3,8,86.9,"8125 River Road, Orlando, FL 32801"
William,Taylor,male,18,1,13,60.2,"2891 Maple Drive, Denver, CO 80202"
Emma,Lewis,male,15,5,6,67.2,"5275 Maple Drive, Orlando, FL 32801"
Noah,Walker,female,18,4,15,70.8,"6998 Lake Road, Chicago, IL 60601"
Isabella,Clark,male,17,2,7,62.5,"1038 Washington Street, Chicago, IL 60601"
Bob,Hall,female,15,5,16,76.9,"1455 Hill Street, Chicago, IL 60601"
Amelia,Williams,female,17,3,10,88.2,"7881 Hill Street, Portland, OR 97201"
Kevin,White,female,16,1,14,66.5,"5791 Park Avenue, Portland, OR 97201"
Sophia,Anderson,female,18,3,12,65.8,"6327 Park Avenue, Boston, MA 02108"
Emma,Anderson,female,16,3,10,60.5,"2840 Pine Avenue, Orlando, FL 32801"
Henry,Brown,male,18,3,7,70.3,"3250 Main Street, Portland, OR 97201"
Noah,Miller,female,17,1,8,78.5,"8187 Park Avenue, Phoenix, AZ 85001"
Grace,White,male,17,0,6,96.2,"7820 River Road, Denver, CO 80202"
Emma,Garcia,female,16,3,12,60.5,"5056 Pine Avenue, Chicago, IL 60601"
Kevin,Hall,female,15,4,7,80.1,"5598 Hill Street, Orlando, FL 32801"
Mia,Walker,female,15,0,12,74.1,"4042 Maple Drive, Chicago, IL 60601"
Isabella,Anderson,female,17,4,10,81.9,"5434 Maple Drive, Orlando, FL 32801"
Liam,Walker,male,16,1,12,81.4,"327 Hill Street, Austin, TX 78701"
Noah,Jones,female,15,4,12,77.6,"4368 Oak Street, Portland, OR 97201"
Noah,Davis,female,16,2,5,78.0,"3669 Main Street, Chicago, IL 60601"
Mia,Hall,female,16,2,10,78.4,"5157 River Road, Seattle, WA 98101"
Henry,Hall,male,17,5,5,87.9,"3203 Cedar Lane, Denver, CO 80202"
Isabella,Moore,female,15,2,9,67.8,"4861 Main Street, Boston, MA 02108"
Olivia,Williams,female,18,1,12,83.8,"9107 Pine Avenue, Portland, OR 97201"
Liam,Brown,female,18,2,8,86.8,"7437 Lake Road, Orlando, FL 32801"
Lucas,Jones,female,15,0,5,93.0,"9063 Washington Street, Chicago, IL 60601"
Emma,Anderson,female,15,5,11,84.6,"6490 Pine Avenue, Chicago, IL 60601"
Amelia,Johnson,female,17,4,14,61.5,"8393 Main Street, Orlando, FL 32801"
William,Williams,male,16,1,6,79.9,"3860 Oak Street, Chicago, IL 60601"
Mia,Anderson,male,18,2,6,78.7,"8941 Main Street, Phoenix, AZ 85001"
Noah,Jones,male,16,3,7,64.4,"4282 Maple Drive, Seattle, WA 98101"
Bob,Lewis,male,15,5,16,68.6,"704 Main Street, Seattle, WA 98101"
Isabella,Jones,male,17,2,11,88.7,"6494 Main Street, Denver, CO 80202"
William,Smith,female,15,0,8,82.4,"3431 Maple Drive, Portland, OR 97201"
Alice,Thomas,male,17,4,7,75.1,"2504 Cedar Lane, Boston, MA 02108"
Amelia,Taylor,female,17,4,11,66.1,"3312 River Road, Denver, CO 80202"
Liam,Davis,female,17,3,6,84.7,"7409 Main Street, Portland, OR 97201"
Amelia,Clark,female,16,1,6,61.6,"1758 Maple Drive, Seattle, WA 98101"
Lucas,Taylor,male,17,2,12,62.1,"3775 River Road, Denver, CO 80202"
Henry,Clark,male,17,0,8,91.5,"5481 Maple Drive, Portland, OR 97201"
Noah,Anderson,female,18,4,7,95.0,"7877 Cedar Lane, Denver, CO 80202"
Isabella,Williams,male,15,0,14,61.9,"193 Lake Road, Boston, MA 02108"
Kevin,Lee,female,16,0,5,74.0,"3135 Park Avenue, Chicago, IL 60601"
Charlie,Wilson,female,15,2,5,94.1,"4958 Pine Avenue, Denver, CO 80202"
Sophia,Davis,male,15,3,7,60.5,"1420 Maple Drive, Portland, OR 97201"
Lucas,Lewis,female,17,0,16,81.4,"1046 Pine Avenue, Seattle, WA 98101"
Charlie,Moore,female,15,0,12,76.4,"7640 Park Avenue, Orlando, FL 32801"
Alice,Walker,male,15,2,16,70.7,"7860 Maple Drive, Denver, CO 80202"
Alice,Wilson,male,16,5,12,90.8,"732 River Road, Phoenix, AZ 85001"
Ethan,White,male,15,2,10,63.4,"6027 Washington Street, Portland, OR 97201"
Ethan,Miller,female,17,5,13,80.5,"5264 Hill Street, Phoenix, AZ 85001"
Grace,Walker,female,17,3,10,89.2,"2428 Washington Street, Phoenix, AZ 85001"
Mia,Martin,male,17,1,10,95.1,"7654 Washington Street, Orlando, FL 32801"
Bob,Anderson,male,17,4,15,91.6,"2622 River Road, Orlando, FL 32801"
Henry,Moore,male,18,0,13,80.7,"8522 Oak Street, Boston, MA 02108"
Jack,Lewis,male,16,5,16,89.9,"8024 Oak Street, Chicago, IL 60601"
Mia,Lewis,female,18,1,14,73.3,"6694 Oak Street, Seattle, WA 98101"
Sophia,Jones,male,15,4,6,78.8,"1193 Lake Road, Seattle, WA 98101"
Noah,Taylor,male,15,1,5,60.6,"4856 Oak Street, Seattle, WA 98101"
Grace,Williams,male,17,3,6,76.0,"5867 Park Avenue, Boston, MA 02108"
Amelia,Taylor,female,18,2,8,71.5,"9671 Washington Street, Boston, MA 02108"
William,Johnson,female,17,2,5,69.7,"7769 Park Avenue, Austin, TX 78701"
Olivia,Walker,female,18,0,11,61.5,"7996 Oak Street, Portland, OR 97201"
Jack,Lewis,male,15,1,16,91.6,"1550 Washington Street, Phoenix, AZ 85001"
Liam,Garcia,female,15,2,9,81.0,"7402 Maple Drive, Phoenix, AZ 85001"
David,Smith,male,15,4,12,62.6,"2979 Washington Street, Denver, CO 80202"
Lucas,Moore,male,17,4,6,86.5,"8056 Pine Avenue, Portland, OR 97201"
Kevin,Miller,male,17,4,10,76.2,"2546 Oak Street, Seattle, WA 98101"
William,White,male,15,3,16,90.7,"2903 Park Avenue, Boston, MA 02108"
Kevin,Miller,male,17,5,14,92.1,"3757 Washington Street, Austin, TX 78701"
David,Miller,male,16,5,14,81.4,"7187 Washington Street, Chicago, IL 60601"
Olivia,Smith,female,15,3,12,61.3,"7158 Cedar Lane, Phoenix, AZ 85001"
Charlie,Williams,male,17,5,10,78.0,"8318 Maple Drive, Orlando, FL 32801"
David,Smith,male,15,4,7,85.3,"7318 Cedar Lane, Chicago, IL 60601"
Ethan,Wilson,female,15,5,7,82.1,"1908 Cedar Lane, Boston, MA 02108"
Isabella,Davis,male,17,1,16,86.7,"193 Hill Street, Boston, MA 02108"
Ava,Smith,male,17,4,13,60.3,"2255 Hill Street, Seattle, WA 98101"
William,Davis,male,18,3,12,68.1,"2834 Park Avenue, Austin, TX 78701"
Emma,Jones,male,15,3,13,97.6,"1199 River Road, Orlando, FL 32801"
Isabella,Martin,female,16,2,11,62.3,"7085 Main Street, Chicago, IL 60601"
Noah,Smith,male,17,3,12,83.0,"3691 Pine Avenue, Portland, OR 97201"
Amelia,Clark,female,16,1,14,79.8,"8155 Oak Street, Phoenix, AZ 85001"
Amelia,Smith,female,15,4,6,86.8,"2394 Main Street, Chicago, IL 60601"
Jack,Moore,female,18,5,10,71.5,"8780 River Road, Chicago, IL 60601"
Kevin,White,female,18,5,14,86.4,"9925 River Road, Orlando, FL 32801"
William,Anderson,male,18,2,13,79.6,"1041 Lake Road, Denver, CO 80202"
Jack,Taylor,male,17,2,8,81.5,"5720 Lake Road, Seattle, WA 98101"
Liam,Clark,female,17,2,14,76.1,"3095 River Road, Orlando, FL 32801"
Kevin,Davis,female,17,1,12,82.1,"2851 Oak Street, Denver, CO 80202"
Isabella,Davis,female,16,5,12,74.2,"6426 Washington Street, Denver, CO 80202"
Lucas,Lee,female,16,2,14,62.7,"2048 Park Avenue, Phoenix, AZ 85001"
Alice,Williams,male,17,3,12,95.5,"9031 River Road, Denver, CO 80202"
Ava,Walker,female,16,2,5,97.3,"8030 River Road, Austin, TX 78701"
William,Martin,female,17,0,7,66.9,"5930 Main Street, Boston, MA 02108"
Charlie,Wilson,male,17,1,6,95.2,"6944 Maple Drive, Boston, MA 02108"
Lucas,Johnson,male,15,2,14,87.3,"4666 Park Avenue, Seattle, WA 98101"
Isabella,Garcia,female,17,1,7,60.9,"9580 Hill Street, Seattle, WA 98101"
Grace,Moore,male,15,1,6,81.7,"4429 Washington Street, Austin, TX 78701"
David,Garcia,female,16,1,12,83.2,"2853 Maple Drive, Denver, CO 80202"
David,Smith,male,17,3,14,92.7,"6345 Washington Street, Seattle, WA 98101"
Isabella,Brown,male,18,5,12,76.8,"6309 River Road, Phoenix, AZ 85001"
Alice,Lewis,female,16,5,12,76.6,"8594 Hill Street, Chicago, IL 60601"
Alice,White,female,18,4,8,74.2,"1277 River Road, Phoenix, AZ 85001"
Grace,Moore,male,16,2,10,75.4,"4085 Lake Road, Seattle, WA 98101"
Noah,Hall,female,15,5,14,69.3,"1069 Washington Street, Boston, MA 02108"
Noah,Walker,female,17,3,5,78.7,"7306 Park Avenue, Austin, TX 78701"
Olivia,Wilson,female,16,2,10,94.6,"4267 Washington Street, Orlando, FL 32801"
Grace,Garcia,male,15,3,10,61.8,"3755 Oak Street, Orlando, FL 32801"
Charlie,Hall,male,17,0,13,95.4,"7433 Pine Avenue, Denver, CO 80202"
Emma,Martin,female,16,1,11,71.8,"8538 Oak Street, Seattle, WA 98101"
Charlie,Hall,male,16,2,13,77.9,"6944 Pine Avenue, Seattle, WA 98101"
Alice,Davis,male,15,0,9,91.1,"2938 Cedar Lane, Austin, TX 78701"
Sophia,Lewis,female,16,1,13,95.4,"4034 Main Street, Chicago, IL 60601"
Grace,Wilson,male,15,3,7,66.3,"7695 Pine Avenue, Orlando, FL 32801"
Isabella,Hall,female,17,3,8,77.3,"1810 Maple Drive, Orlando, FL 32801"
Amelia,Johnson,male,18,1,5,70.9,"8675 Washington Street, Phoenix, AZ 85001"
Ethan,Lewis,female,18,5,13,73.4,"9930 River Road, Phoenix, AZ 85001"
Jack,Clark,female,16,4,12,64.8,"606 Maple Drive, Austin, TX 78701"
Amelia,Thomas,female,15,4,11,74.5,"4917 Hill Street, Boston, MA 02108"
Liam,White,male,15,1,11,89.5,"2421 Washington Street, Orlando, FL 32801"
Kevin,Moore,male,16,0,8,94.3,"4153 Washington Street, Phoenix, AZ 85001"
Sophia,Lee,female,16,3,7,75.8,"851 Maple Drive, Orlando, FL 32801"
David,Taylor,female,15,2,12,94.6,"7110 Oak Street, Denver, CO 80202"
Mia,Clark,female,15,3,6,73.4,"3179 Lake Road, Orlando, FL 32801"
Alice,Brown,male,17,0,5,79.4,"8547 Hill Street, Boston, MA 02108"
Sophia,Moore,female,18,2,14,72.4,"6038 Main Street, Austin, TX 78701"
Sophia,White,female,15,5,13,87.7,"9289 Cedar Lane, Austin, TX 78701"
Emma,Moore,female,18,5,16,84.1,"2368 Pine Avenue, Seattle, WA 98101"
Charlie,Hall,female,17,3,8,61.6,"4972 Main Street, Orlando, FL 32801"
Henry,Martin,male,18,1,11,80.8,"4190 Maple Drive, Boston, MA 02108"
Charlie,Miller,male,17,5,12,89.9,"3599 Washington Street, Orlando, FL 32801"
William,Brown,male,18,2,14,87.7,"6106 Washington Street, Denver, CO 80202"
Lucas,Lewis,female,17,4,7,85.4,"9672 Cedar Lane, Denver, CO 80202"
Amelia,Garcia,male,15,3,12,70.3,"8346 Lake Road, Portland, OR 97201"
Noah,Johnson,female,17,0,7,81.1,"3597 Maple Drive, Portland, OR 97201"
Emma,Brown,female,18,5,11,75.9,"5436 Lake Road, Austin, TX 78701"
Isabella,Miller,female,15,2,5,76.6,"7090 Pine Avenue, Phoenix, AZ 85001"
William,Smith,female,17,0,9,69.0,"8068 Park Avenue, Seattle, WA 98101"
Noah,Martin,male,17,1,14,90.6,"5516 Pine Avenue, Chicago, IL 60601"
Lucas,Moore,male,15,0,6,90.3,"149 Pine Avenue, Phoenix, AZ 85001"
William,Williams,male,15,0,12,66.7,"2196 Lake Road, Chicago, IL 60601"
Mia,Walker,male,15,1,9,72.5,"648 River Road, Austin, TX 78701"
Bob,Hall,male,16,1,11,91.3,"8044 Oak Street, Denver, CO 80202"
Lucas,Taylor,male,17,1,6,77.6,"4269 Pine Avenue, Austin, TX 78701"
William,Hall,male,17,0,11,92.4,"2677 Washington Street, Portland, OR 97201"
Mia,Clark,female,17,5,16,91.0,"6858 Maple Drive, Denver, CO 80202"
Liam,Davis,male,18,1,16,65.9,"1311 Main Street, Austin, TX 78701"
Emma,Brown,female,16,1,16,62.8,"5461 Hill Street, Seattle, WA 98101"
William,Martin,female,15,5,15,95.8,"9055 River Road, Denver, CO 80202"
Henry,White,male,17,1,11,67.3,"1092 Main Street, Boston, MA 02108"
Jack,Moore,male,18,3,15,96.7,"5311 Washington Street, Orlando, FL 32801"
Liam,Martin,female,16,0,7,96.3,"6822 Oak Street, Portland, OR 97201"
Liam,Jones,male,16,1,13,82.9,"4562 Maple Drive, Orlando, FL 32801"
Olivia,Johnson,male,17,5,10,90.4,"6121 Hill Street, Boston, MA 02108"
David,White,male,16,1,10,85.9,"8283 Lake Road, Phoenix, AZ 85001"
Ava,Walker,male,18,5,5,77.3,"9692 Cedar Lane, Denver, CO 80202"
Ethan,Lee,male,17,2,5,75.5,"1038 Washington Street, Phoenix, AZ 85001"
Sophia,Hall,male,17,4,8,77.1,"4929 Main Street, Seattle, WA 98101"
Lucas,Wilson,female,17,0,13,68.7,"3643 Washington Street, Seattle, WA 98101"
Noah,Smith,female,15,0,9,80.3,"8964 Park Avenue, Boston, MA 02108"
Ava,Taylor,male,18,4,8,80.3,"9059 Lake Road, Austin, TX 78701"
Isabella,Moore,female,16,4,15,67.6,"7046 Oak Street, Chicago, IL 60601"
Isabella,White,male,15,1,16,87.8,"2779 Lake Road, Denver, CO 80202"
Olivia,Miller,female,16,5,7,73.7,"4741 Lake Road, Austin, TX 78701"
Charlie,Jones,male,15,1,6,89.6,"4434 Pine Avenue, Austin, TX 78701"
Sophia,Anderson,male,18,4,6,78.3,"4569 Oak Street, Chicago, IL 60601"
Charlie,Thomas,male,18,1,13,95.9,"308 River Road, Austin, TX 78701"
Charlie,Miller,male,17,1,13,91.0,"8772 Maple Drive, Portland, OR 97201"
Mia,Smith,female,18,3,6,90.7,"6603 Maple Drive, Orlando, FL 32801"
Henry,Hall,female,15,5,8,91.7,"8109 Cedar Lane, Portland, OR 97201"
Noah,Anderson,female,16,0,5,77.2,"70 River Road, Chicago, IL 60601"
Alice,Thomas,female,18,5,5,96.8,"7603 Oak Street, Orlando, FL 32801"
David,Hall,male,16,3,12,81.0,"9047 Hill Street, Austin, TX 78701"
Amelia,Johnson,female,16,2,13,91.2,"4817 Main Street, Austin, TX 78701"
Bob,Taylor,male,17,3,7,70.7,"6760 Oak Street, Chicago, IL 60601"
Charlie,White,female,17,3,5,61.0,"4681 Hill Street, Orlando, FL 32801"
Charlie,Jones,male,17,0,6,97.0,"5478 Hill Street, Austin, TX 78701"
Grace,Walker,male,15,1,5,70.5,"9024 Cedar Lane, Austin, TX 78701"
Ethan,Walker,female,17,0,11,88.6,"677 Lake Road, Phoenix, AZ 85001"
Charlie,Anderson,female,15,1,6,63.6,"9648 Main Street, Austin, TX 78701"
William,Johnson,female,17,3,13,64.1,"2611 River Road, Seattle, WA 98101"
Charlie,Anderson,male,16,5,14,86.6,"1711 Main Street, Portland, OR 97201"
Henry,Jones,male,16,3,5,85.9,"4487 River Road, Seattle, WA 98101"
William,Lewis,male,15,3,8,83.3,"6374 Maple Drive, Denver, CO 80202"
Mia,Jones,female,18,4,9,70.2,"2052 Park Avenue, Denver, CO 80202"
Amelia,White,male,15,3,14,67.3,"4154 Pine Avenue, Orlando, FL 32801"
Lucas,Brown,male,16,5,5,68.8,"4105 Main Street, Austin, TX 78701"
Noah,Jones,male,17,0,14,60.1,"3453 Oak Street, Boston, MA 02108"
Olivia,Brown,female,16,3,7,65.6,"2029 Hill Street, Chicago, IL 60601"
Olivia,Moore,female,18,5,8,92.6,"2400 Maple Drive, Phoenix, AZ 85001"
Mia,Davis,male,18,3,9,76.6,"4140 Main Street, Phoenix, AZ 85001"
Sophia,Miller,male,15,5,12,79.9,"3349 Park Avenue, Austin, TX 78701"
Felix,Avila,male,16,5,11,89.7,"9617 Brookside St., Ocoee, FL 34761"
Kevin,Jones,female,17,1,11,89.2,"7763 Cedar Lane, Austin, TX 78701"
Lucas,Lee,female,17,5,8,77.1,"4525 Washington Street, Phoenix, AZ 85001"
Jack,Miller,female,16,3,7,60.7,"3850 Washington Street, Phoenix, AZ 85001"
Isabella,Lewis,male,15,2,16,74.1,"4184 Oak Street, Denver, CO 80202"
Ava,Taylor,female,15,0,14,96.4,"1765 Maple Drive, Denver, CO 80202"
Jack,Garcia,male,18,4,5,65.7,"330 Hill Street, Phoenix, AZ 85001"
Lucas,Anderson,male,18,1,7,64.1,"5029 Park Avenue, Denver, CO 80202"
Jack,Walker,male,18,5,14,81.5,"5857 Oak Street, Phoenix, AZ 85001"
William,Hall,male,16,2,5,92.6,"5857 Washington Street, Seattle, WA 98101"
Ethan,Anderson,female,16,3,13,60.6,"1259 Oak Street, Orlando, FL 32801"
Isabella,Martin,male,16,3,11,80.3,"1199 Oak Street, Portland, OR 97201"
Emma,Garcia,male,16,2,6,61.4,"201 River Road, Phoenix, AZ 85001"
David,Wilson,female,16,0,10,95.1,"1956 Oak Street, Denver, CO 80202"
Amelia,Lewis,male,15,3,16,70.5,"2746 Main Street, Portland, OR 97201"
Henry,Martin,female,15,0,13,82.1,"9441 Lake Road, Boston, MA 02108"
Olivia,Thomas,female,18,4,16,66.2,"1607 River Road, Boston, MA 02108"
Jack,Davis,male,16,1,16,61.7,"2949 Maple Drive, Seattle, WA 98101"
Henry,Jones,female,18,0,15,77.1,"2213 Main Street, Austin, TX 78701"
Henry,Thomas,female,18,1,16,62.4,"2616 Washington Street, Phoenix, AZ 85001"
Alice,Miller,female,15,4,7,86.0,"6897 Oak Street, Austin, TX 78701"
Grace,Davis,male,16,3,6,76.5,"2732 Lake Road, Chicago, IL 60601"
Sophia,Miller,male,18,3,7,83.2,"7302 Lake Road, Chicago, IL 60601"
Jack,Hall,male,15,1,11,71.2,"8782 Washington Street, Austin, TX 78701"
Lucas,Brown,male,15,1,16,86.6,"1864 Cedar Lane, Portland, OR 97201"
Noah,Walker,male,15,4,7,80.5,"3807 Pine Avenue, Seattle, WA 98101"
Bob,Clark,male,16,4,13,63.2,"8612 Cedar Lane, Austin, TX 78701"
Jack,Wilson,female,16,1,5,76.3,"3373 Pine Avenue, Seattle, WA 98101"
Charlie,Clark,male,18,0,11,87.4,"8967 Oak Street, Chicago, IL 60601"
Sophia,Miller,female,17,0,5,89.1,"457 Main Street, Boston, MA 02108"
Charlie,Anderson,male,15,0,16,67.2,"1619 Washington Street, Chicago, IL 60601"
Bob,Hall,male,16,2,10,74.4,"1896 Cedar Lane, Denver, CO 80202"
Kevin,Wilson,male,15,4,7,82.8,"9453 Cedar Lane, Portland, OR 97201"
Kevin,White,male,16,1,9,79.1,"705 Hill Street, Phoenix, AZ 85001"
William,Johnson,female,18,0,5,82.8,"55 Lake Road, Seattle, WA 98101"
Noah,Thomas,female,15,2,16,79.6,"8694 Pine Avenue, Phoenix, AZ 85001"
Noah,Walker,male,16,3,7,90.3,"8393 Maple Drive, Chicago, IL 60601"
Mia,Johnson,female,17,1,14,74.3,"696 Cedar Lane, Boston, MA 02108"
William,Johnson,female,16,1,11,82.9,"9156 Washington Street, Chicago, IL 60601"
Alice,Hall,male,16,0,5,70.2,"779 Oak Street, Phoenix, AZ 85001"
Jack,Clark,male,15,2,15,87.9,"2917 Cedar Lane, Portland, OR 97201"
William,Garcia,male,18,5,8,80.1,"1061 Park Avenue, Denver, CO 80202"
Isabella,Jones,male,16,5,11,83.5,"4845 Pine Avenue, Denver, CO 80202"
Olivia,Taylor,male,15,1,11,88.7,"2148 Hill Street, Phoenix, AZ 85001"
Henry,Brown,female,17,0,12,93.2,"6402 Lake Road, Phoenix, AZ 85001"
Grace,Thomas,female,17,0,7,75.3,"3763 Hill Street, Chicago, IL 60601"
Ethan,Miller,female,16,5,5,85.4,"7707 Park Avenue, Denver, CO 80202"
Olivia,Wilson,female,15,1,16,64.1,"3965 Cedar Lane, Orlando, FL 32801"
Jack,Anderson,male,18,4,16,62.3,"5579 Main Street, Denver, CO 80202"
Bob,Taylor,male,16,1,8,96.8,"5827 Maple Drive, Denver, CO 80202"
Lucas,Anderson,male,18,5,8,90.7,"1684 Oak Street, Austin, TX 78701"
Amelia,Lee,female,15,4,5,83.0,"3264 Maple Drive, Austin, TX 78701"
Henry,White,male,16,3,15,72.3,"3708 Main Street, Phoenix, AZ 85001"
Bob,Williams,male,18,2,11,63.6,"8213 Park Avenue, Boston, MA 02108"
Alice,Miller,male,15,0,14,64.1,"6809 Oak Street, Orlando, FL 32801"
Amelia,Clark,male,16,5,11,72.7,"8158 Lake Road, Denver, CO 80202"
Amelia,Brown,female,15,4,15,68.1,"6037 River Road, Chicago, IL 60601"
Emma,Johnson,male,17,4,6,90.7,"8627 River Road, Denver, CO 80202"
David,Lewis,female,16,1,11,80.1,"5628 Main Street, Orlando, FL 32801"
Olivia,Davis,male,16,1,14,82.9,"2432 Oak Street, Seattle, WA 98101"
Sophia,Wilson,female,17,3,6,63.5,"607 Lake Road, Orlando, FL 32801"
Ava,Lewis,female,15,2,15,60.8,"5539 Maple Drive, Portland, OR 97201"
Noah,Martin,female,15,4,16,63.6,"2120 Park Avenue, Boston, MA 02108"
Bob,Davis,male,16,2,11,75.1,"9962 Oak Street, Boston, MA 02108"
Noah,Jones,female,15,2,16,68.1,"2885 Maple Drive, Denver, CO 80202"
Liam,Thomas,male,18,4,13,67.0,"9382 Oak Street, Portland, OR 97201"
William,Martin,male,16,4,9,71.0,"670 Oak Street, Seattle, WA 98101"
Kevin,Lewis,male,18,1,10,71.3,"7823 Cedar Lane, Orlando, FL 32801"
Olivia,Johnson,male,16,5,10,83.4,"2043 Main Street, Austin, TX 78701"
Mia,Lee,male,15,4,10,97.7,"9526 Oak Street, Denver, CO 80202"
Kevin,Walker,male,15,5,12,97.7,"9560 Pine Avenue, Phoenix, AZ 85001"
Amelia,Walker,female,18,5,9,91.6,"9916 River Road, Portland, OR 97201"
Charlie,Clark,female,16,4,10,82.0,"9328 Maple Drive, Orlando, FL 32801"
Liam,Walker,male,17,0,13,93.7,"9340 River Road, Seattle, WA 98101"
Grace,Davis,male,16,1,9,89.7,"7053 Park Avenue, Boston, MA 02108"
Olivia,Hall,male,18,1,11,84.3,"7500 Park Avenue, Boston, MA 02108"
Sophia,Miller,male,17,4,16,68.7,"9950 Maple Drive, Chicago, IL 60601"
Amelia,Thomas,male,16,5,13,88.8,"4674 Main Street, Chicago, IL 60601"
Olivia,Brown,male,18,2,5,80.9,"2422 Park Avenue, Chicago, IL 60601"
Ethan,Jones,female,17,0,13,74.5,"6208 Hill Street, Phoenix, AZ 85001"
Charlie,Davis,male,18,3,6,85.5,"2397 Maple Drive, Chicago, IL 60601"
Lucas,Anderson,male,17,1,9,75.1,"2450 Maple Drive, Denver, CO 80202"
Ava,Wilson,male,15,1,12,88.6,"26 Main Street, Phoenix, AZ 85001"
Amelia,Moore,female,15,0,6,91.7,"6353 Cedar Lane, Seattle, WA 98101"
Charlie,Williams,male,17,0,5,95.9,"6157 Cedar Lane, Boston, MA 02108"
Amelia,Wilson,male,17,5,14,62.8,"5275 Main Street, Portland, OR 97201"
Olivia,Miller,male,18,5,11,83.8,"834 Hill Street, Seattle, WA 98101"
Jack,Wilson,male,18,3,12,82.8,"6411 Pine Avenue, Boston, MA 02108"
Sophia,Jones,female,18,5,7,82.7,"5655 Main Street, Austin, TX 78701"
William,White,female,15,1,14,86.6,"9869 Oak Street, Denver, CO 80202"
Alice,Moore,female,15,1,8,67.7,"3812 Oak Street, Orlando, FL 32801"
Liam,Thomas,male,16,2,11,64.1,"8934 Oak Street, Portland, OR 97201"
Alice,Davis,male,15,0,14,66.2,"6233 Oak Street, Seattle, WA 98101"
Olivia,Garcia,female,16,3,12,80.8,"5661 Park Avenue, Austin, TX 78701"
Henry,Davis,female,15,5,13,71.3,"4345 River Road, Boston, MA 02108"
Grace,Walker,female,15,1,11,71.2,"714 Oak Street, Phoenix, AZ 85001"
Jack,Taylor,male,16,3,8,85.9,"1674 Park Avenue, Portland, OR 97201"
Ethan,Brown,male,18,5,12,85.4,"2800 Pine Avenue, Austin, TX 78701"
Alice,Miller,male,18,4,13,91.4,"1686 Maple Drive, Denver, CO 80202"
Ava,Martin,male,17,5,12,89.8,"9946 Washington Street, Seattle, WA 98101"
Olivia,Garcia,male,15,4,7,80.7,"5227 Park Avenue, Boston, MA 02108"
Liam,Garcia,female,15,3,16,82.4,"7033 Park Avenue, Austin, TX 78701"
Sophia,White,male,18,3,8,94.2,"8501 Pine Avenue, Boston, MA 02108"
Mia,Smith,female,16,0,15,91.9,"2966 Maple Drive, Chicago, IL 60601"
Liam,Miller,male,18,5,15,73.9,"5499 Cedar Lane, Portland, OR 97201"
David,Wilson,female,16,5,6,79.9,"2864 Oak Street, Orlando, FL 32801"
Liam,Walker,female,18,4,5,81.2,"8763 Lake Road, Seattle, WA 98101"
Olivia,Hall,female,15,1,7,93.9,"629 Hill Street, Boston, MA 02108"
Amelia,Garcia,female,17,4,9,84.6,"4894 River Road, Chicago, IL 60601"
Amelia,Clark,male,15,2,10,77.2,"8950 Cedar Lane, Portland, OR 97201"
Bob,Lee,male,17,1,8,94.0,"6590 Washington Street, Phoenix, AZ 85001"
William,Davis,male,15,4,12,70.4,"1287 River Road, Austin, TX 78701"
Sophia,White,female,18,4,7,92.6,"9424 Park Avenue, Portland, OR 97201"
Emma,Jones,female,16,3,16,61.5,"8728 Hill Street, Boston, MA 02108"
Noah,Miller,male,17,0,16,70.2,"499 Hill Street, Phoenix, AZ 85001"
Noah,Hall,female,18,4,5,61.2,"2055 Pine Avenue, Denver, CO 80202"
Ethan,Miller,female,17,2,9,66.9,"8588 Park Avenue, Portland, OR 97201"
Lucas,Moore,male,16,2,14,71.2,"4050 Pine Avenue, Denver, CO 80202"
Noah,Garcia,male,15,2,11,66.2,"1314 Hill Street, Orlando, FL 32801"
Ethan,Anderson,female,16,2,11,66.4,"9438 Pine Avenue, Phoenix, AZ 85001"
Lucas,Garcia,male,17,4,14,89.7,"6072 Oak Street, Seattle, WA 98101"
Ava,Brown,female,17,2,5,96.2,"8032 Cedar Lane, Denver, CO 80202"
Noah,Lewis,female,15,4,10,88.7,"4717 Lake Road, Seattle, WA 98101"
Alice,Davis,female,15,5,13,91.3,"1230 Oak Street, Portland, OR 97201"
Amelia,White,male,15,1,13,91.7,"5475 River Road, Seattle, WA 98101"
Jack,Johnson,male,17,1,11,71.7,"5338 Lake Road, Portland, OR 97201"
David,Anderson,female,16,0,8,87.7,"6008 River Road, Seattle, WA 98101"
Olivia,White,male,16,3,12,92.4,"760 Main Street, Denver, CO 80202"
Emma,Brown,female,15,0,10,66.7,"6283 River Road, Austin, TX 78701"
Lucas,Clark,female,15,4,16,91.7,"7841 Main Street, Denver, CO 80202"
Mia,Jones,male,17,3,7,93.8,"5431 Cedar Lane, Phoenix, AZ 85001"
Olivia,Johnson,female,18,3,13,76.8,"4903 Pine Avenue, Orlando, FL 32801"
William,Anderson,female,17,4,15,72.9,"9649 Park Avenue, Chicago, IL 60601"
Liam,Hall,female,16,4,7,71.6,"1954 Oak Street, Phoenix, AZ 85001"
Liam,Smith,male,15,0,5,65.9,"5037 Hill Street, Seattle, WA 98101"
Lucas,Garcia,male,16,1,15,93.3,"1906 Hill Street, Chicago, IL 60601"
Charlie,Davis,male,17,2,12,61.3,"3353 Park Avenue, Orlando, FL 32801"
David,Taylor,female,17,4,13,83.4,"6331 River Road, Portland, OR 97201"
Emma,White,male,18,3,15,90.0,"4805 Park Avenue, Orlando, FL 32801"
Alice,Jones,female,16,2,9,67.9,"1150 Cedar Lane, Seattle, WA 98101"
Grace,Lewis,male,16,1,6,64.8,"9948 Pine Avenue, Boston, MA 02108"
Kevin,Hall,male,15,3,16,60.3,"1482 Cedar Lane, Seattle, WA 98101"
Olivia,Wilson,female,16,1,16,81.0,"5662 Main Street, Orlando, FL 32801"
William,Moore,male,18,1,7,94.2,"7875 Washington Street, Chicago, IL 60601"
Jack,Thomas,female,18,1,11,65.9,"9368 Main Street, Chicago, IL 60601"
Emma,Hall,male,18,3,15,81.0,"1685 Park Avenue, Boston, MA 02108"
Ethan,Miller,female,15,5,12,66.7,"7500 Maple Drive, Seattle, WA 98101"
Sophia,Davis,male,15,2,7,66.6,"9457 River Road, Seattle, WA 98101"
Olivia,Miller,male,18,2,15,92.4,"1244 Lake Road, Seattle, WA 98101"
Ethan,Lewis,male,16,1,10,84.8,"4016 River Road, Seattle, WA 98101"
Liam,Lewis,female,17,3,6,78.6,"7596 Washington Street, Seattle, WA 98101"
Grace,Moore,female,16,0,14,72.6,"4169 River Road, Portland, OR 97201"
Amelia,Brown,male,18,4,14,76.7,"3070 River Road, Orlando, FL 32801"
Sophia,Williams,male,15,2,8,85.3,"9773 Washington Street, Portland, OR 97201"
David,Davis,female,17,1,14,96.1,"8512 Maple Drive, Orlando, FL 32801"
Emma,Smith,male,16,2,11,87.7,"899 Cedar Lane, Seattle, WA 98101"
Grace,Johnson,male,17,4,12,83.1,"7638 Cedar Lane, Portland, OR 97201"
Mia,Davis,female,17,1,8,84.2,"6470 Main Street, Boston, MA 02108"
Henry,Smith,female,17,1,11,84.5,"9392 River Road, Chicago, IL 60601"
David,Lee,male,17,1,8,93.1,"9357 Oak Street, Boston, MA 02108"
Emma,Walker,male,17,5,5,63.5,"3267 Washington Street, Denver, CO 80202"
Ava,Davis,male,16,0,14,75.8,"7712 Oak Street, Seattle, WA 98101"
Lucas,White,male,15,1,11,61.8,"2482 Pine Avenue, Austin, TX 78701"
Henry,Miller,male,18,3,12,88.6,"2297 Main Street, Austin, TX 78701"
Amelia,Williams,male,15,3,11,64.0,"2970 Main Street, Austin, TX 78701"
Amelia,Johnson,female,16,5,10,85.1,"8679 Washington Street, Seattle, WA 98101"
Henry,Hall,male,15,2,14,67.3,"6240 Hill Street, Seattle, WA 98101"
Ethan,Smith,male,18,5,15,90.8,"8545 Oak Street, Orlando, FL 32801"
Kevin,Miller,male,15,2,5,90.0,"6478 Cedar Lane, Orlando, FL 32801"
Liam,Smith,female,16,1,14,70.9,"2120 Main Street, Seattle, WA 98101"
Mia,Thomas,female,15,5,16,84.9,"3526 River Road, Chicago, IL 60601"
Emma,Walker,female,15,0,8,96.8,"1953 Pine Avenue, Denver, CO 80202"
Henry,Martin,female,17,4,10,74.7,"2145 Maple Drive, Boston, MA 02108"
Jack,Williams,male,15,1,12,95.3,"6931 Oak Street, Chicago, IL 60601"
Amelia,Miller,female,16,4,12,70.6,"2735 River Road, Boston, MA 02108"
Sophia,Williams,female,18,4,5,75.7,"2139 Pine Avenue, Denver, CO 80202"
Ava,Brown,female,17,2,7,91.5,"134 Maple Drive, Denver, CO 80202"
Bob,Garcia,male,15,0,14,73.8,"6654 Washington Street, Portland, OR 97201"
Mia,Martin,female,15,2,12,82.4,"5712 Hill Street, Denver, CO 80202"
Olivia,Miller,male,17,3,6,65.2,"4124 Washington Street, Phoenix, AZ 85001"
Alice,Brown,male,15,0,13,64.7,"3405 Main Street, Phoenix, AZ 85001"
Ethan,Garcia,male,18,3,9,89.0,"1484 Washington Street, Orlando, FL 32801"
Olivia,Clark,male,15,4,6,90.9,"6010 Washington Street, Austin, TX 78701"
Emma,Walker,male,15,2,16,62.3,"1393 Maple Drive, Boston, MA 02108"
Olivia,Lee,male,16,0,12,87.1,"5451 Oak Street, Boston, MA 02108"
Kevin,Thomas,female,18,2,8,90.4,"2876 Oak Street, Seattle, WA 98101"
Alice,Smith,female,16,2,13,92.7,"5831 Washington Street, Phoenix, AZ 85001"
Olivia,Hall,female,18,0,8,64.6,"99 Hill Street, Seattle, WA 98101"
Henry,Hall,female,16,3,9,91.9,"6459 Park Avenue, Orlando, FL 32801"
Charlie,Thomas,male,16,1,16,92.4,"320 Main Street, Boston, MA 02108"
Jack,Moore,female,18,0,9,96.7,"9665 Main Street, Austin, TX 78701"
David,Johnson,female,18,5,12,64.7,"4143 Main Street, Boston, MA 02108"
Jack,Walker,male,15,5,14,88.8,"4426 River Road, Boston, MA 02108"
Liam,Garcia,male,17,1,5,69.7,"9985 Cedar Lane, Boston, MA 02108"
Lucas,Taylor,female,18,4,13,97.6,"3674 Oak Street, Seattle, WA 98101"
Sophia,Walker,female,15,3,11,82.9,"4804 Oak Street, Phoenix, AZ 85001"
Noah,Brown,male,16,3,9,96.2,"7956 Washington Street, Denver, CO 80202"
Isabella,Garcia,male,17,3,7,68.0,"8454 River Road, Denver, CO 80202"
Lucas,Walker,male,18,0,6,87.0,"4337 Pine Avenue, Phoenix, AZ 85001"
Emma,Smith,male,18,0,13,77.5,"8866 Pine Avenue, Austin, TX 78701"
Charlie,Martin,male,16,5,15,85.1,"4261 Oak Street, Austin, TX 78701"
Isabella,Thomas,female,16,0,6,97.1,"377 Cedar Lane, Denver, CO 80202"
Ava,Smith,male,18,2,9,80.3,"2643 Oak Street, Portland, OR 97201"
Mia,Clark,male,18,4,10,76.6,"198 Cedar Lane, Orlando, FL 32801"
Bob,Smith,female,15,3,12,72.2,"1545 Pine Avenue, Seattle, WA 98101"
Noah,Walker,male,17,4,11,63.5,"1386 Pine Avenue, Portland, OR 97201"
Lucas,Wilson,male,18,4,13,65.7,"6434 River Road, Portland, OR 97201"
Bob,Wilson,male,17,1,16,64.5,"1458 River Road, Phoenix, AZ 85001"
David,Thomas,female,15,3,13,84.4,"2910 Washington Street, Denver, CO 80202"
Ethan,Lewis,male,17,5,11,73.5,"7550 River Road, Phoenix, AZ 85001"
Grace,Taylor,male,18,5,15,70.8,"6175 Park Avenue, Seattle, WA 98101"
Jack,Hall,female,15,2,12,79.4,"2495 Oak Street, Portland, OR 97201"
Alice,Jones,female,15,3,7,66.1,"5835 River Road, Seattle, WA 98101"
Olivia,Wilson,male,15,4,14,96.5,"3647 Lake Road, Phoenix, AZ 85001"
Ethan,Clark,male,15,3,7,97.4,"6484 Washington Street, Orlando, FL 32801"
Ava,Lee,male,18,0,14,91.7,"1471 Lake Road, Austin, TX 78701"
Henry,Brown,male,17,5,14,84.3,"2684 Maple Drive, Phoenix, AZ 85001"
David,Garcia,male,18,5,11,94.0,"5608 Pine Avenue, Seattle, WA 98101"
Bob,Wilson,female,15,3,10,89.6,"369 Pine Avenue, Chicago, IL 60601"
Jack,Taylor,female,16,2,6,83.4,"7037 Hill Street, Boston, MA 02108"
Henry,Taylor,female,15,4,11,75.3,"1045 Washington Street, Portland, OR 97201"
Charlie,Clark,male,17,4,13,81.8,"8965 Main Street, Boston, MA 02108"
Noah,Lee,male,15,2,6,76.8,"6788 Cedar Lane, Austin, TX 78701"
Isabella,Anderson,male,18,5,11,96.0,"8954 Park Avenue, Seattle, WA 98101"
Lucas,Moore,female,17,4,11,81.6,"1489 Hill Street, Chicago, IL 60601"
Lucas,Wilson,female,15,0,6,83.3,"9825 Pine Avenue, Boston, MA 02108"
William,Thomas,male,18,5,5,73.3,"1163 Washington Street, Austin, TX 78701"
Olivia,Johnson,male,18,1,11,71.9,"6740 Pine Avenue, Austin, TX 78701"
Ava,Walker,female,17,2,14,62.1,"7964 Main Street, Boston, MA 02108"
Alice,Hall,female,16,2,13,96.9,"4109 Pine Avenue, Boston, MA 02108"
Kevin,Moore,female,17,5,13,83.3,"7077 Washington Street, Phoenix, AZ 85001"
Bob,Anderson,female,17,1,5,91.2,"5101 Hill Street, Phoenix, AZ 85001"
Mia,White,female,17,4,5,81.7,"5064 Hill Street, Seattle, WA 98101"
Henry,Clark,male,18,1,8,92.6,"6064 Lake Road, Phoenix, AZ 85001"
Noah,Jones,male,18,2,16,71.0,"1786 Park Avenue, Chicago, IL 60601"
Amelia,Hall,female,16,0,5,86.4,"6981 Pine Avenue, Orlando, FL 32801"
David,Miller,male,17,1,12,76.3,"7847 Washington Street, Denver, CO 80202"
Noah,Jones,female,15,3,5,63.9,"2907 Lake Road, Austin, TX 78701"
Charlie,Thomas,female,18,0,5,88.9,"8805 Main Street, Austin, TX 78701"
William,Walker,female,18,5,12,97.7,"2104 Maple Drive, Austin, TX 78701"
Grace,Walker,female,18,0,9,77.0,"6703 Lake Road, Orlando, FL 32801"
Felix,Coleman,male,17,5,16,87.3,"7014 South Riverview Avenue, Glen Burnie, MD 21060"
Olivia,Williams,male,15,1,5,67.7,"4126 Maple Drive, Portland, OR 97201"
Liam,Garcia,female,17,5,14,87.7,"8731 Main Street, Portland, OR 97201"
Ethan,Thomas,male,17,2,13,66.6,"2105 Oak Street, Seattle, WA 98101"
Ava,Anderson,female,17,2,5,61.2,"7042 Lake Road, Denver, CO 80202"
Mia,Taylor,female,17,5,7,93.1,"1266 Oak Street, Orlando, FL 32801"
Henry,Jones,female,17,4,14,89.1,"8058 River Road, Austin, TX 78701"
Sophia,Lee,female,16,1,15,71.2,"2735 Washington Street, Orlando, FL 32801"
Alice,Davis,female,16,0,12,73.4,"216 Cedar Lane, Boston, MA 02108"
Charlie,Hall,female,16,0,9,72.5,"3194 Main Street, Phoenix, AZ 85001"
Amelia,Garcia,female,16,2,14,94.0,"5433 Maple Drive, Denver, CO 80202"
Alice,Johnson,male,15,5,11,76.7,"8286 Lake Road, Austin, TX 78701"
Olivia,Thomas,male,17,2,9,94.8,"5899 Lake Road, Denver, CO 80202"
Olivia,Johnson,male,17,5,6,78.1,"3572 Washington Street, Austin, TX 78701"
Alice,Anderson,male,15,1,13,77.3,"8240 Cedar Lane, Denver, CO 80202"
Ethan,Moore,female,16,5,14,62.3,"5162 Washington Street, Orlando, FL 32801"
William,Brown,female,18,5,7,69.6,"3820 Main Street, Austin, TX 78701"
Amelia,Lewis,female,17,1,9,65.0,"3347 Cedar Lane, Seattle, WA 98101"
Lucas,Lee,male,16,1,14,90.1,"2483 Oak Street, Portland, OR 97201"
Alice,Moore,male,16,1,13,92.9,"818 River Road, Seattle, WA 98101"
Grace,Jones,male,15,0,5,67.0,"2889 Main Street, Boston, MA 02108"
Charlie,Clark,female,18,3,11,64.4,"498 Cedar Lane, Portland, OR 97201"
Noah,Brown,male,15,2,8,74.2,"1532 Lake Road, Boston, MA 02108"
Isabella,Lewis,female,17,5,8,84.4,"1403 River Road, Boston, MA 02108"
William,Wilson,female,16,1,10,71.8,"9655 Hill Street, Austin, TX 78701"
Bob,Smith,male,15,3,11,94.8,"67 Hill Street, Denver, CO 80202"
Liam,Walker,female,18,0,10,60.7,"764 Park Avenue, Phoenix, AZ 85001"
Noah,Martin,female,15,0,5,94.4,"6448 Hill Street, Denver, CO 80202"
Charlie,Williams,male,17,0,12,80.6,"1657 Park Avenue, Denver, CO 80202"
Amelia,White,male,15,2,13,88.9,"7053 Park Avenue, Seattle, WA 98101"
Kevin,Lewis,male,18,4,16,81.6,"6649 Pine Avenue, Phoenix, AZ 85001"
Amelia,Lee,male,16,4,11,81.2,"8530 River Road, Austin, TX 78701"
William,Clark,female,15,2,5,74.1,"9698 Park Avenue, Orlando, FL 32801"
Mia,Lee,male,18,3,5,86.3,"3888 Pine Avenue, Boston, MA 02108"
Charlie,Jones,female,17,3,15,79.8,"9169 Pine Avenue, Phoenix, AZ 85001"
Alice,Taylor,male,15,4,10,95.5,"1203 Washington Street, Chicago, IL 60601"
Liam,Clark,female,15,3,12,77.4,"1488 Pine Avenue, Portland, OR 97201"
Kevin,Moore,male,15,0,13,85.6,"9044 Pine Avenue, Denver, CO 80202"
Charlie,Hall,female,16,3,9,66.7,"2318 River Road, Portland, OR 97201"
Liam,Clark,male,18,0,16,93.5,"4340 Hill Street, Denver, CO 80202"
Emma,Brown,female,17,2,12,91.7,"753 Hill Street, Phoenix, AZ 85001"
Ava,Jones,male,16,1,10,78.9,"10 River Road, Boston, MA 02108"
Bob,Williams,female,16,5,10,75.6,"875 Washington Street, Orlando, FL 32801"
Henry,Jones,female,18,1,13,66.2,"9184 River Road, Chicago, IL 60601"
Jack,Smith,male,15,3,13,84.8,"8475 Pine Avenue, Orlando, FL 32801"
Felix,Freeman,male,15,4,11,75.2,"671 Division Ave., Vineland, NJ 08360"
Jack,Lee,male,15,1,11,62.8,"8894 Hill Street, Boston, MA 02108"
William,Williams,male,17,4,15,86.5,"976 Oak Street, Austin, TX 78701"
Lucas,Thomas,male,16,3,6,97.3,"1421 Hill Street, Orlando, FL 32801"
Olivia,Williams,male,17,1,12,62.0,"9340 Pine Avenue, Seattle, WA 98101"
Bob,Johnson,female,15,3,14,71.9,"250 Main Street, Portland, OR 97201"
Jack,Williams,female,17,5,9,68.6,"2317 River Road, Portland, OR 97201"
Olivia,Walker,male,18,2,7,82.6,"4581 Washington Street, Austin, TX 78701"
Olivia,Williams,male,18,1,9,90.8,"1364 Maple Drive, Austin, TX 78701"
Bob,Wilson,female,15,1,10,89.4,"6617 Maple Drive, Orlando, FL 32801"
Charlie,Lee,female,16,5,10,76.6,"8595 Maple Drive, Chicago, IL 60601"
Emma,Martin,male,18,2,13,76.5,"7043 Washington Street, Seattle, WA 98101"
Lucas,Lewis,male,17,2,13,79.1,"8974 Lake Road, Orlando, FL 32801"
Liam,Garcia,female,17,3,7,80.5,"5430 Hill Street, Boston, MA 02108"
Sophia,Lee,female,15,3,10,77.1,"5507 Hill Street, Austin, TX 78701"
Mia,Moore,male,16,4,7,87.7,"169 River Road, Boston, MA 02108"
Ethan,Anderson,female,15,0,12,83.9,"5080 Main Street, Austin, TX 78701"
Isabella,Brown,male,15,3,13,95.8,"1562 River Road, Boston, MA 02108"
Emma,Anderson,female,18,5,11,62.1,"2912 Pine Avenue, Boston, MA 02108"
Noah,Hall,female,16,2,9,86.5,"1372 Pine Avenue, Boston, MA 02108"
Charlie,Jones,male,18,2,14,73.6,"985 Main Street, Orlando, FL 32801"
Olivia,Johnson,male,17,0,10,68.2,"3009 Hill Street, Denver, CO 80202"
Sophia,Hall,female,15,3,9,61.7,"8076 Oak Street, Portland, OR 97201"
Henry,Jones,female,15,2,16,88.2,"6009 Main Street, Seattle, WA 98101"
Charlie,Johnson,male,18,2,15,83.6,"4991 Main Street, Seattle, WA 98101"
